,articleName,realEstateTypeName,tradeTypeName,floorInfo,dealOrWarrantPrc,areaName,area2,buildingName,cpPcArticleUrl
0,힐스테이트태전에듀포레2차(C10블록),아파트,매매,3/23,"6억 4,000",112,84,2003동,http://land.mk.co.kr/rd/rd.php?UID=2232411012
1,힐스테이트태전에듀포레2차(C10블록),아파트,매매,5/23,6억,112,84,2004동,http://land.mk.co.kr/rd/rd.php?UID=2232319866
2,힐스테이트태전에듀포레2차(C10블록),아파트,매매,14/23,"6억 6,000",98C,72,2003동,http://land.mk.co.kr/rd/rd.php?UID=2232224335
3,힐스테이트태전에듀포레2차(C10블록),아파트,매매,11/20,"7억 3,000",112,84,2005동,http://land.mk.co.kr/rd/rd.php?UID=2232217542
4,힐스테이트태전에듀포레2차(C10블록),아파트,매매,3/23,"6억 5,000",98C,72,2002동,http://www.neonet.co.kr/rd/rd.php?UID=2232199840
5,힐스테이트태전에듀포레2차(C10블록),아파트,매매,2/20,"7억 9,000",112,84,2005동,http://homesdid.co.kr/rd.asp?UID=2232095111
6,힐스테이트태전에듀포레2차(C10블록),아파트,전세,2/20,"3억 5,000",112,84,2005동,http://homesdid.co.kr/rd.asp?UID=2232122028
7,힐스테이트태전에듀포레2차(C10블록),아파트,매매,3/20,"6억 3,000",112,84,2005동,http://land.mk.co.kr/rd/rd.php?UID=2232110487
8,힐스테이트태전에듀포레2차(C10블록),아파트,전세,3/20,"4억 3,000",112,84,2005동,http://land.mk.co.kr/rd/rd.php?UID=2231980954
9,힐스테이트태전에듀포레2차(C10블록),아파트,매매,23/23,"5억 1,000",98C,72,2003동,https://realestate.hankyung.com/naver-listing?UID=2232082189
10,힐스테이트태전에듀포레2차(C10블록),아파트,매매,19/23,5억,85A,62,2001동,https://realestate.hankyung.com/naver-listing?UID=2231916626
11,힐스테이트태전에듀포레2차(C10블록),아파트,매매,고/23,"5억 5,000",97A,72,2002동,http://land.mk.co.kr/rd/rd.php?UID=2232318473
12,힐스테이트태전에듀포레2차(C10블록),아파트,전세,고/23,4억,97A,72,2002동,http://homesdid.co.kr/rd.asp?UID=2232391002
13,힐스테이트태전에듀포레2차(C10블록),아파트,전세,중/23,"3억 8,000",98C,72,2003동,http://land.mk.co.kr/rd/rd.php?UID=2232193652
14,힐스테이트태전에듀포레2차(C10블록),아파트,매매,고/23,"7억 2,000",97D,72,2003동,http://land.mk.co.kr/rd/rd.php?UID=2232220482
15,힐스테이트태전에듀포레2차(C10블록),아파트,매매,고/23,7억,98B,72,2001동,http://land.mk.co.kr/rd/rd.php?UID=2232191065
16,힐스테이트태전에듀포레2차(C10블록),아파트,전세,고/23,"3억 8,000",85A,62,2001동,http://land.mk.co.kr/rd/rd.php?UID=2232196286
17,힐스테이트태전에듀포레2차(C10블록),아파트,월세,저/23,"2억 2,000",85A,62,2001동,http://land.mk.co.kr/rd/rd.php?UID=2231995152
18,힐스테이트태전에듀포레2차(C10블록),아파트,매매,고/20,"7억 8,000",112,84,2005동,http://land.mk.co.kr/rd/rd.php?UID=2232151318
19,힐스테이트태전에듀포레2차(C10블록),아파트,매매,저/23,8억,112,84,2004동,https://realestate.hankyung.com/naver-listing?UID=2232120462
0,금광포란재,아파트,매매,6/15,"3억 4,000",103,81,101동,http://land.mk.co.kr/rd/rd.php?UID=2232210085
1,금광포란재,아파트,매매,9/15,"4억 1,000",106,84,101동,http://land.mk.co.kr/rd/rd.php?UID=2232209768
2,금광포란재,아파트,전세,12/15,"2억 6,000",106,84,101동,https://www.rfine.kr/rd/rd.php?UID=2230574825
3,금광포란재,아파트,전세,15/15,"3억 4,000",106,84,101동,http://homesdid.co.kr/rd.asp?UID=2230459387
4,금광포란재,아파트,매매,15/15,"4억 2,000",106,84,101동,http://homesdid.co.kr/rd.asp?UID=2230459375
5,금광포란재,아파트,매매,고/15,"4억 7,000",106,84,101동,https://www.rfine.kr/rd/rd.php?UID=2231350121
6,금광포란재,아파트,매매,12/15,"3억 9,000",106,84,101동,https://www.rfine.kr/rd/rd.php?UID=2229800238
7,금광포란재,아파트,매매,13/15,"4억 1,000",106,84,101동,http://www.serve.co.kr/naver/rd.asp?UID=2229206491
8,금광포란재,아파트,매매,6/15,"3억 4,000",103,81,101동,http://www.karhanbang.com/naver_link.asp?UID=2232521364
0,힐스테이트태전(6지구C9블럭),아파트,매매,14/21,"7억 2,000",113A,84,1619동,http://www.serve.co.kr/naver/rd.asp?UID=2232435453
1,힐스테이트태전(6지구C9블럭),아파트,전세,19/21,4억,113A,84,1619동,http://www.serve.co.kr/naver/rd.asp?UID=2232438440
2,힐스테이트태전(6지구C9블럭),아파트,매매,19/21,"7억 5,000",113A,84,1619동,http://www.serve.co.kr/naver/rd.asp?UID=2232441562
3,힐스테이트태전(6지구C9블럭),아파트,매매,19/21,"7억 5,000",113A,84,1619동,https://www.rfine.kr/rd/rd.php?UID=2232225164
4,힐스테이트태전(6지구C9블럭),아파트,매매,8/22,7억,113A,84,1616동,http://www.neonet.co.kr/rd/rd.php?UID=2232245859
5,힐스테이트태전(6지구C9블럭),아파트,전세,15/22,"4억 5,000",113A,84,1616동,https://realestate.hankyung.com/naver-listing?UID=2232364677
6,힐스테이트태전(6지구C9블럭),아파트,매매,14/21,"7억 2,000",113A,84,1619동,http://www.neonet.co.kr/rd/rd.php?UID=2232471381
7,힐스테이트태전(6지구C9블럭),아파트,매매,4/17,"4억 7,000",80A,59,1617동,http://land.mk.co.kr/rd/rd.php?UID=2232312327
8,힐스테이트태전(6지구C9블럭),아파트,매매,17/18,"5억 7,500",97D,72,1618동,http://land.mk.co.kr/rd/rd.php?UID=2232507063
9,힐스테이트태전(6지구C9블럭),아파트,전세,2/21,"3억 5,000",113A,84,1619동,http://www.neonet.co.kr/rd/rd.php?UID=2232451673
10,힐스테이트태전(6지구C9블럭),아파트,매매,6/22,"6억 9,000",113A,84,1616동,https://realestate.hankyung.com/naver-listing?UID=2232395277
11,힐스테이트태전(6지구C9블럭),아파트,전세,16/18,"3억 5,000",81B,59,1618동,https://realestate.hankyung.com/naver-listing?UID=2232095823
12,힐스테이트태전(6지구C9블럭),아파트,전세,17/19,"3억 3,000",97A,72,1615동,http://land.mk.co.kr/rd/rd.php?UID=2232151903
13,힐스테이트태전(6지구C9블럭),아파트,매매,16/18,"4억 5,000",80A,59,1618동,http://www.neonet.co.kr/rd/rd.php?UID=2231921775
14,힐스테이트태전(6지구C9블럭),아파트,전세,11/18,4억,97D,72,1618동,https://realestate.hankyung.com/naver-listing?UID=2231915841
15,힐스테이트태전(6지구C9블럭),아파트,월세,6/19,2억,81B,59,1620동,https://realestate.hankyung.com/naver-listing?UID=2231726097
16,힐스테이트태전(6지구C9블럭),아파트,전세,6/19,"2억 8,000",81B,59,1620동,https://realestate.hankyung.com/naver-listing?UID=2231724399
17,힐스테이트태전(6지구C9블럭),아파트,매매,4/21,"6억 2,000",113A,84,1619동,https://www.rfine.kr/rd/rd.php?UID=2231701058
18,힐스테이트태전(6지구C9블럭),아파트,매매,6/18,"4억 7,000",80A,59,1618동,http://land.mk.co.kr/rd/rd.php?UID=2231649859
19,힐스테이트태전(6지구C9블럭),아파트,매매,저/21,8억,113A,84,1619동,http://www.serve.co.kr/naver/rd.asp?UID=2232440092
0,태전아이파크,아파트,매매,15/25,"6억 9,000",111B,84,106동,http://homesdid.co.kr/rd.asp?UID=2232570502
1,태전아이파크,아파트,전세,5/25,"3억 6,000",110A,84,106동,https://realestate.hankyung.com/naver-listing?UID=2232420926
2,태전아이파크,아파트,전세,20/24,"3억 7,000",110A,84,105동,http://land.mk.co.kr/rd/rd.php?UID=2232475108
3,태전아이파크,아파트,매매,24/24,"6억 7,000",110A,84,105동,http://land.mk.co.kr/rd/rd.php?UID=2232474644
4,태전아이파크,아파트,매매,13/25,7억,111B,84,104동,http://www.neonet.co.kr/rd/rd.php?UID=2232038255
5,태전아이파크,아파트,전세,20/25,"3억 7,000",110A,84,102동,http://land.mk.co.kr/rd/rd.php?UID=2231983410
6,태전아이파크,아파트,전세,24/25,"3억 5,000",110A,84,102동,http://land.mk.co.kr/rd/rd.php?UID=2231901650
7,태전아이파크,아파트,매매,7/25,7억,110A,84,102동,http://land.mk.co.kr/rd/rd.php?UID=2231855956
8,태전아이파크,아파트,월세,고/25,"2억 5,000",79,59,106동,http://homesdid.co.kr/rd.asp?UID=2232557324
9,태전아이파크,아파트,매매,중/25,"6억 8,000",110A,84,104동,http://land.mk.co.kr/rd/rd.php?UID=2232356723
10,태전아이파크,아파트,전세,고/25,"3억 5,000",111B,84,104동,http://land.mk.co.kr/rd/rd.php?UID=2232247794
11,태전아이파크,아파트,월세,중/24,"3,000",111B,84,105동,http://land.mk.co.kr/rd/rd.php?UID=2232236897
12,태전아이파크,아파트,전세,중/24,"3억 3,000",111B,84,105동,http://land.mk.co.kr/rd/rd.php?UID=2232245355
13,태전아이파크,아파트,월세,중/25,1억,111B,84,102동,http://land.mk.co.kr/rd/rd.php?UID=2232223767
14,태전아이파크,아파트,매매,8/23,"7억 3,000",110A,84,103동,http://www.serve.co.kr/naver/rd.asp?UID=2231192782
15,태전아이파크,아파트,매매,고/25,"4억 7,000",79,59,106동,http://www.neonet.co.kr/rd/rd.php?UID=2232090002
16,태전아이파크,아파트,전세,9/25,"4억 2,000",111B,84,101동,http://land.mk.co.kr/rd/rd.php?UID=2232557386
17,태전아이파크,아파트,전세,고/23,4억,110A,84,103동,http://land.mk.co.kr/rd/rd.php?UID=2232007178
18,태전아이파크,아파트,매매,저/23,"6억 8,000",111B,84,103동,http://www.serve.co.kr/naver/rd.asp?UID=2231939379
19,태전아이파크,아파트,매매,저/25,"6억 5,000",110A,84,102동,http://www.serve.co.kr/naver/rd.asp?UID=2231374537
0,성원2단지,아파트,전세,20/20,"4억 5,000",169,134,205동,http://land.mk.co.kr/rd/rd.php?UID=2231852552
1,성원2단지,아파트,전세,8/20,"4억 2,000",169,134,205동,http://land.mk.co.kr/rd/rd.php?UID=2231681958
2,성원2단지,아파트,매매,17/20,"5억 5,000",169,134,205동,http://www.neonet.co.kr/rd/rd.php?UID=2231504845
3,성원2단지,아파트,매매,4/20,"4억 8,000",106,84,201동,http://land.mk.co.kr/rd/rd.php?UID=2232151322
4,성원2단지,아파트,전세,저/20,4억,169,134,206동,http://land.mk.co.kr/rd/rd.php?UID=2232227237
5,성원2단지,아파트,매매,8/20,"6억 1,000",169,134,205동,http://homesdid.co.kr/rd.asp?UID=2231351683
6,성원2단지,아파트,매매,고/16,"4억 6,000",106,84,203동,http://land.mk.co.kr/rd/rd.php?UID=2231993899
7,성원2단지,아파트,매매,중/20,"5억 3,000",127,101,202동,http://land.mk.co.kr/rd/rd.php?UID=2231936610
8,성원2단지,아파트,매매,중/20,"6억 5,000",169,134,205동,http://www.neonet.co.kr/rd/rd.php?UID=2231882414
9,성원2단지,아파트,매매,9/20,5억,127,101,202동,http://land.mk.co.kr/rd/rd.php?UID=2232493557
10,성원2단지,아파트,매매,4/20,"4억 8,000",106,84,201동,https://www.rfine.kr/rd/rd.php?UID=2232333721
11,성원2단지,아파트,매매,저/20,"4억 5,000",106,84,201동,http://land.mk.co.kr/rd/rd.php?UID=2232150414
12,성원2단지,아파트,매매,1/20,"4억 5,000",106,84,201동,http://land.mk.co.kr/rd/rd.php?UID=2230733392
13,성원2단지,아파트,매매,11/16,"4억 5,000",106,84,203동,http://land.mk.co.kr/rd/rd.php?UID=2230727912
14,성원2단지,아파트,매매,7/20,"4억 9,800",127,101,202동,http://land.mk.co.kr/rd/rd.php?UID=2231994025
15,성원2단지,아파트,전세,1/20,"3억 7,000",127,101,202동,http://land.mk.co.kr/rd/rd.php?UID=2231634286
16,성원2단지,아파트,전세,고/16,"2억 8,000",106,84,203동,http://land.mk.co.kr/rd/rd.php?UID=2232151986
17,성원2단지,아파트,매매,중/20,"5억 5,000",169,134,205동,https://www.rfine.kr/rd/rd.php?UID=2232378043
18,성원2단지,아파트,매매,중/20,5억,106,84,201동,http://land.mk.co.kr/rd/rd.php?UID=2232228985
19,성원2단지,아파트,매매,고/20,"4억 8,000",106,84,201동,http://land.mk.co.kr/rd/rd.php?UID=2231158739
0,힐스테이트태전(6지구C8블럭),아파트,매매,12/22,"5억 3,000",82B,59,1612동,http://land.mk.co.kr/rd/rd.php?UID=2232196366
1,힐스테이트태전(6지구C8블럭),아파트,월세,14/21,1억,98A,72,1609동,https://realestate.hankyung.com/naver-listing?UID=2232353802
2,힐스테이트태전(6지구C8블럭),아파트,전세,14/21,"3억 2,000",98A,72,1609동,https://realestate.hankyung.com/naver-listing?UID=2232337335
3,힐스테이트태전(6지구C8블럭),아파트,매매,4/22,"4억 8,000",99B,72,1614동,http://land.mk.co.kr/rd/rd.php?UID=2232070148
4,힐스테이트태전(6지구C8블럭),아파트,전세,5/21,"3억 7,000",98A,72,1610동,https://realestate.hankyung.com/naver-listing?UID=2232077989
5,힐스테이트태전(6지구C8블럭),아파트,매매,18/22,"5억 4,000",82B,59,1613동,http://www.serve.co.kr/naver/rd.asp?UID=2231924760
6,힐스테이트태전(6지구C8블럭),아파트,매매,11/22,"4억 8,000",82B,59,1612동,http://land.mk.co.kr/rd/rd.php?UID=2231813510
7,힐스테이트태전(6지구C8블럭),아파트,매매,17/22,"5억 5,000",98A,72,1614동,http://land.mk.co.kr/rd/rd.php?UID=2231504310
8,힐스테이트태전(6지구C8블럭),아파트,전세,15/21,"3억 5,000",98A,72,1610동,https://realestate.hankyung.com/naver-listing?UID=2231822271
9,힐스테이트태전(6지구C8블럭),아파트,매매,10/22,"5억 2,000",99B,72,1614동,http://land.mk.co.kr/rd/rd.php?UID=2231555400
10,힐스테이트태전(6지구C8블럭),아파트,매매,고/21,"7억 1,000",98A,72,1609동,https://realestate.hankyung.com/naver-listing?UID=2232092601
11,힐스테이트태전(6지구C8블럭),아파트,월세,중/21,"3,000",82B,59,1610동,http://land.mk.co.kr/rd/rd.php?UID=2231935940
12,힐스테이트태전(6지구C8블럭),아파트,매매,중/22,"5억 4,000",81A,59,1612동,https://www.rfine.kr/rd/rd.php?UID=2232079180
13,힐스테이트태전(6지구C8블럭),아파트,매매,고/21,6억,98A,72,1610동,https://realestate.hankyung.com/naver-listing?UID=2231823400
14,힐스테이트태전(6지구C8블럭),아파트,매매,20/22,6억,98A,72,1613동,https://realestate.hankyung.com/naver-listing?UID=2231115083
15,힐스테이트태전(6지구C8블럭),아파트,매매,9/22,"5억 2,000",81A,59,1612동,http://land.mk.co.kr/rd/rd.php?UID=2230853513
16,힐스테이트태전(6지구C8블럭),아파트,월세,6/22,"5,000",99B,72,1614동,http://land.mk.co.kr/rd/rd.php?UID=2230464170
17,힐스테이트태전(6지구C8블럭),아파트,매매,5/20,"5억 9,500",81A,59,1611동,http://homesdid.co.kr/rd.asp?UID=2230169193
18,힐스테이트태전(6지구C8블럭),아파트,전세,고/21,"3억 9,000",98A,72,1610동,http://land.mk.co.kr/rd/rd.php?UID=2231151278
19,힐스테이트태전(6지구C8블럭),아파트,월세,고/21,1억,98A,72,1610동,http://land.mk.co.kr/rd/rd.php?UID=2231151563
0,e편한세상태전2차(C16블럭),아파트,매매,16/20,"5억 3,500",98A,74,302동,http://www.neonet.co.kr/rd/rd.php?UID=2232482291
1,e편한세상태전2차(C16블럭),아파트,매매,14/20,"4억 8,000",82,59,303동,http://www.neonet.co.kr/rd/rd.php?UID=2232495255
2,e편한세상태전2차(C16블럭),아파트,매매,8/20,"6억 5,000",98A,74,301동,http://www.neonet.co.kr/rd/rd.php?UID=2232204915
3,e편한세상태전2차(C16블럭),아파트,전세,8/20,"3억 8,000",82,59,304동,http://homesdid.co.kr/rd.asp?UID=2232554569
4,e편한세상태전2차(C16블럭),아파트,월세,13/20,"5,000",82,59,303동,http://land.mk.co.kr/rd/rd.php?UID=2232242614
5,e편한세상태전2차(C16블럭),아파트,월세,8/20,1억,82,59,304동,http://homesdid.co.kr/rd.asp?UID=2232554351
6,e편한세상태전2차(C16블럭),아파트,매매,10/20,"5억 5,000",82,59,304동,http://land.mk.co.kr/rd/rd.php?UID=2232515225
7,e편한세상태전2차(C16블럭),아파트,매매,1/20,5억,82,59,305동,http://www.neonet.co.kr/rd/rd.php?UID=2232198453
8,e편한세상태전2차(C16블럭),아파트,매매,1/20,"5억 3,000",82,59,304동,http://land.mk.co.kr/rd/rd.php?UID=2232092722
9,e편한세상태전2차(C16블럭),아파트,매매,20/20,"6억 2,000",98A,74,306동,http://land.mk.co.kr/rd/rd.php?UID=2232085367
10,e편한세상태전2차(C16블럭),아파트,매매,중/20,"5억 4,000",98A,74,301동,http://www.neonet.co.kr/rd/rd.php?UID=2232482924
11,e편한세상태전2차(C16블럭),아파트,전세,중/20,"3억 5,000",98A,74,301동,https://www.rfine.kr/rd/rd.php?UID=2232485415
12,e편한세상태전2차(C16블럭),아파트,매매,저/20,5억,82,59,304동,http://land.mk.co.kr/rd/rd.php?UID=2232376038
13,e편한세상태전2차(C16블럭),아파트,전세,중/20,"4억 5,000",98B,74,302동,http://www.neonet.co.kr/rd/rd.php?UID=2232338251
14,e편한세상태전2차(C16블럭),아파트,전세,20/20,"3억 7,800",98A,74,306동,http://www.serve.co.kr/naver/rd.asp?UID=2231194067
15,e편한세상태전2차(C16블럭),아파트,매매,저/20,"5억 7,000",82,59,303동,http://www.neonet.co.kr/rd/rd.php?UID=2231838457
16,e편한세상태전2차(C16블럭),아파트,매매,중/20,"5억 3,000",82,59,303동,http://www.neonet.co.kr/rd/rd.php?UID=2231754322
17,e편한세상태전2차(C16블럭),아파트,전세,1/20,4억,82,59,305동,http://www.neonet.co.kr/rd/rd.php?UID=2231002547
18,e편한세상태전2차(C16블럭),아파트,매매,저/20,"6억 3,500",98A,74,306동,https://www.rfine.kr/rd/rd.php?UID=2231543730
19,e편한세상태전2차(C16블럭),아파트,매매,중/20,5억,82,59,304동,http://land.mk.co.kr/rd/rd.php?UID=2231463589
0,광주태전우림필유,아파트,매매,15/18,"6억 7,000",129B,101,106동,http://www.neonet.co.kr/rd/rd.php?UID=2232260164
1,광주태전우림필유,아파트,매매,14/20,"6억 8,000",129C,101,102동,https://www.rfine.kr/rd/rd.php?UID=2231597014
2,광주태전우림필유,아파트,매매,고/20,"6억 8,000",129C,101,107동,http://homesdid.co.kr/rd.asp?UID=2232570921
3,광주태전우림필유,아파트,매매,저/18,6억,109A,84,108동,http://land.mk.co.kr/rd/rd.php?UID=2232359941
4,광주태전우림필유,아파트,매매,고/20,"6억 8,000",129C,101,107동,http://www.neonet.co.kr/rd/rd.php?UID=2232328709
5,광주태전우림필유,아파트,매매,고/20,"5억 7,000",129C,101,107동,http://www.neonet.co.kr/rd/rd.php?UID=2232327684
6,광주태전우림필유,아파트,매매,8/18,6억,129B,101,105동,http://land.mk.co.kr/rd/rd.php?UID=2231238852
7,광주태전우림필유,아파트,매매,중/20,"6억 5,000",129C,101,102동,http://land.mk.co.kr/rd/rd.php?UID=2232273717
8,광주태전우림필유,아파트,월세,중/18,"1억 5,000",109A,84,108동,http://land.mk.co.kr/rd/rd.php?UID=2232074874
9,광주태전우림필유,아파트,매매,중/20,6억,130A,101,101동,http://www.neonet.co.kr/rd/rd.php?UID=2231888647
10,광주태전우림필유,아파트,매매,18/18,"10억 5,000",212,165,106동,http://land.mk.co.kr/rd/rd.php?UID=2232281763
11,광주태전우림필유,아파트,매매,6/20,"6억 2,000",130A,101,101동,http://land.mk.co.kr/rd/rd.php?UID=2232065965
12,광주태전우림필유,아파트,매매,2/18,"5억 8,000",129B,101,106동,http://land.mk.co.kr/rd/rd.php?UID=2230905176
13,광주태전우림필유,아파트,매매,중/20,"6억 3,000",129C,101,107동,https://www.rfine.kr/rd/rd.php?UID=2231324407
14,광주태전우림필유,아파트,전세,중/17,"3억 5,000",129B,101,103동,http://land.mk.co.kr/rd/rd.php?UID=2231981295
15,광주태전우림필유,아파트,전세,18/18,"6억 3,000",212,165,106동,http://homesdid.co.kr/rd.asp?UID=2230434599
16,광주태전우림필유,아파트,전세,중/20,"4억 5,000",129B,101,101동,http://land.mk.co.kr/rd/rd.php?UID=2232493139
17,광주태전우림필유,아파트,매매,17/17,"10억 5,000",212,165,103동,http://land.mk.co.kr/rd/rd.php?UID=2231221992
18,광주태전우림필유,아파트,매매,8/20,"6억 4,000",130A,101,101동,http://land.mk.co.kr/rd/rd.php?UID=2230155055
19,광주태전우림필유,아파트,매매,고/18,"6억 3,000",130A,101,105동,https://www.rfine.kr/rd/rd.php?UID=2232115402
0,힐스테이트태전(5지구C4블럭),아파트,매매,21/21,"7억 7,000",114B,84,1506동,http://homesdid.co.kr/rd.asp?UID=2232571164
1,힐스테이트태전(5지구C4블럭),아파트,매매,10/21,5억,81A,59,1502동,http://land.mk.co.kr/rd/rd.php?UID=2232511932
2,힐스테이트태전(5지구C4블럭),아파트,매매,7/13,"5억 3,000",98A,72,1504동,http://land.mk.co.kr/rd/rd.php?UID=2232285119
3,힐스테이트태전(5지구C4블럭),아파트,전세,5/12,"3억 3,000",98A,72,1503동,http://land.mk.co.kr/rd/rd.php?UID=2232025758
4,힐스테이트태전(5지구C4블럭),아파트,매매,15/21,6억,81A,59,1502동,https://realestate.hankyung.com/naver-listing?UID=2232095228
5,힐스테이트태전(5지구C4블럭),아파트,매매,10/12,"5억 9,000",98A,72,1503동,http://land.mk.co.kr/rd/rd.php?UID=2232035452
6,힐스테이트태전(5지구C4블럭),아파트,매매,4/22,5억,82C,59,1501동,http://land.mk.co.kr/rd/rd.php?UID=2232117574
7,힐스테이트태전(5지구C4블럭),아파트,매매,17/21,"7억 4,000",98D,72,1502동,http://www.neonet.co.kr/rd/rd.php?UID=2231885121
8,힐스테이트태전(5지구C4블럭),아파트,전세,6/13,"4억 2,000",98B,72,1504동,http://www.neonet.co.kr/rd/rd.php?UID=2232007585
9,힐스테이트태전(5지구C4블럭),아파트,전세,7/13,"3억 7,000",98B,72,1504동,http://land.mk.co.kr/rd/rd.php?UID=2231858800
10,힐스테이트태전(5지구C4블럭),아파트,전세,10/22,"3억 8,000",114D,84,1505동,https://www.rfine.kr/rd/rd.php?UID=2231947461
11,힐스테이트태전(5지구C4블럭),아파트,매매,저/21,"5억 6,000",81B,59,1502동,http://land.mk.co.kr/rd/rd.php?UID=2232567694
12,힐스테이트태전(5지구C4블럭),아파트,매매,저/22,"5억 3,000",81B,59,1501동,http://land.mk.co.kr/rd/rd.php?UID=2232508432
13,힐스테이트태전(5지구C4블럭),아파트,매매,중/22,7억,114D,84,1505동,https://www.rfine.kr/rd/rd.php?UID=2232462234
14,힐스테이트태전(5지구C4블럭),아파트,매매,고/21,6억,81B,59,1502동,http://www.neonet.co.kr/rd/rd.php?UID=2232206417
15,힐스테이트태전(5지구C4블럭),아파트,매매,중/12,"6억 2,000",98A,72,1503동,http://land.mk.co.kr/rd/rd.php?UID=2232233037
16,힐스테이트태전(5지구C4블럭),아파트,매매,중/21,"5억 7,000",82C,59,1502동,http://land.mk.co.kr/rd/rd.php?UID=2232074203
17,힐스테이트태전(5지구C4블럭),아파트,전세,고/21,3억,81B,59,1502동,http://land.mk.co.kr/rd/rd.php?UID=2231918874
18,힐스테이트태전(5지구C4블럭),아파트,매매,저/22,"7억 3,000",114B,84,1505동,http://www.neonet.co.kr/rd/rd.php?UID=2231521975
19,힐스테이트태전(5지구C4블럭),아파트,매매,저/12,"5억 5,000",98B,72,1503동,https://www.r114.com/z/depot/public/ArticleFromNbp.r114?UID=2231731464
0,태전파크자이,아파트,매매,11/17,"7억 1,000",113A-13,84,1306동,http://land.mk.co.kr/rd/rd.php?UID=2232410013
1,태전파크자이,아파트,매매,13/17,6억,84,60,1303동,http://land.mk.co.kr/rd/rd.php?UID=2232408835
2,태전파크자이,아파트,매매,8/12,5억,83C-14,59,1402동,http://land.mk.co.kr/rd/rd.php?UID=2232367105
3,태전파크자이,아파트,매매,4/11,"4억 8,000",83C-14,59,1403동,http://land.mk.co.kr/rd/rd.php?UID=2232369498
4,태전파크자이,아파트,매매,2/17,"6억 1,000",113A-13,84,1301동,http://www.neonet.co.kr/rd/rd.php?UID=2232485308
5,태전파크자이,아파트,매매,5/16,"5억 5,000",83C-14,59,1401동,http://www.neonet.co.kr/rd/rd.php?UID=2232206069
6,태전파크자이,아파트,매매,6/11,6억,84B-14,59,1403동,http://homesdid.co.kr/rd.asp?UID=2231788891
7,태전파크자이,아파트,매매,4/14,"5억 7,000",82B-13,59,1305동,https://www.r114.com/z/depot/public/ArticleFromNbp.r114?UID=2231783291
8,태전파크자이,아파트,매매,14/18,6억,97A-14,72,1404동,http://land.mk.co.kr/rd/rd.php?UID=2231901088
9,태전파크자이,아파트,전세,2/17,"3억 5,000",113A-13,84,1301동,http://land.mk.co.kr/rd/rd.php?UID=2231638832
10,태전파크자이,아파트,매매,중/17,6억,99C-13,73,1301동,http://land.mk.co.kr/rd/rd.php?UID=2232409066
11,태전파크자이,아파트,전세,중/17,"4억 1,000",97A-13,72,1301동,http://homesdid.co.kr/rd.asp?UID=2232555049
12,태전파크자이,아파트,월세,중/17,2억,82B-13,59,1303동,http://homesdid.co.kr/rd.asp?UID=2232557122
13,태전파크자이,아파트,매매,중/16,6억,84,60,1304동,http://land.mk.co.kr/rd/rd.php?UID=2232408600
14,태전파크자이,아파트,전세,중/17,"3억 8,000",82B-13,59,1303동,http://homesdid.co.kr/rd.asp?UID=2232556922
15,태전파크자이,아파트,매매,9/18,"6억 2,000",97A-14,72,1404동,https://www.r114.com/z/depot/public/ArticleFromNbp.r114?UID=2231345535
16,태전파크자이,아파트,전세,7/17,"4억 1,000",84,60,1302동,http://homesdid.co.kr/rd.asp?UID=2231345874
17,태전파크자이,아파트,월세,17/18,1억,97A-14,72,1404동,http://homesdid.co.kr/rd.asp?UID=2231376916
18,태전파크자이,아파트,전세,3/12,"3억 2,000",83C-14,59,1402동,http://homesdid.co.kr/rd.asp?UID=2231368189
19,태전파크자이,아파트,매매,고/17,"5억 5,000",82B-13,59,1302동,http://homesdid.co.kr/rd.asp?UID=2232391985
0,태전경남아너스빌시그니처,아파트,전세,6/16,"3억 4,000",85A,63,101동,http://land.mk.co.kr/rd/rd.php?UID=2232566943
1,태전경남아너스빌시그니처,아파트,월세,13/24,"5,000",85A,63,104동,http://land.mk.co.kr/rd/rd.php?UID=2232211950
2,태전경남아너스빌시그니처,아파트,전세,2/24,"3억 3,000",100C,73,107동,http://land.mk.co.kr/rd/rd.php?UID=2232224690
3,태전경남아너스빌시그니처,아파트,전세,18/24,"3억 5,000",99D,73,107동,http://homesdid.co.kr/rd.asp?UID=2232263720
4,태전경남아너스빌시그니처,아파트,월세,20/24,"5,000",87C,63,102동,http://land.mk.co.kr/rd/rd.php?UID=2231287064
5,태전경남아너스빌시그니처,아파트,전세,12/24,"3억 3,000",100C,73,105동,http://homesdid.co.kr/rd.asp?UID=2230321869
6,태전경남아너스빌시그니처,아파트,매매,고/24,5억,85A,63,102동,https://www.rfine.kr/rd/rd.php?UID=2232213939
7,태전경남아너스빌시그니처,아파트,월세,19/24,1억,87C,63,103동,http://homesdid.co.kr/rd.asp?UID=2230436327
8,태전경남아너스빌시그니처,아파트,월세,고/24,"7,000",85A,63,104동,http://land.mk.co.kr/rd/rd.php?UID=2232194227
9,태전경남아너스빌시그니처,아파트,월세,6/24,"5,000",98B,73,105동,http://land.mk.co.kr/rd/rd.php?UID=2231012557
10,태전경남아너스빌시그니처,아파트,매매,5/24,"4억 2,019",87C,63,102동,https://www.rfine.kr/rd/rd.php?UID=2232202765
11,태전경남아너스빌시그니처,아파트,전세,5/24,"3억 4,000",97A,73,107동,https://www.rfine.kr/rd/rd.php?UID=2230853157
12,태전경남아너스빌시그니처,아파트,월세,14/24,"1억 5,000",85A,63,104동,https://realestate.hankyung.com/naver-listing?UID=2230852125
13,태전경남아너스빌시그니처,아파트,월세,중/24,"7,000",100C,73,105동,http://homesdid.co.kr/rd.asp?UID=2231429277
14,태전경남아너스빌시그니처,아파트,매매,12/24,"4억 6,000",100C,73,105동,https://www.rfine.kr/rd/rd.php?UID=2231899833
15,태전경남아너스빌시그니처,아파트,전세,13/16,"3억 4,000",85A,63,101동,http://www.neonet.co.kr/rd/rd.php?UID=2231874876
16,태전경남아너스빌시그니처,아파트,매매,22/24,"5억 1,000",98B,73,106동,https://www.rfine.kr/rd/rd.php?UID=2231909894
17,태전경남아너스빌시그니처,아파트,전세,14/24,"3억 2,000",85A,63,104동,http://www.neonet.co.kr/rd/rd.php?UID=2232008966
18,태전경남아너스빌시그니처,아파트,전세,11/24,"3억 9,000",99D,73,105동,http://homesdid.co.kr/rd.asp?UID=2231346563
19,태전경남아너스빌시그니처,아파트,매매,15/24,4억 772,85A,63,104동,http://land.mk.co.kr/rd/rd.php?UID=2230599520
0,더샵오포센트럴포레,아파트,전세,6/25,"3억 3,000",104B,76,111동,http://www.neonet.co.kr/rd/rd.php?UID=2232076786
1,더샵오포센트럴포레,아파트,전세,5/25,"3억 8,000",114A,84,112동,http://www.neonet.co.kr/rd/rd.php?UID=2232081154
2,더샵오포센트럴포레,아파트,전세,16/25,"3억 4,000",104B,76,102동,http://www.neonet.co.kr/rd/rd.php?UID=2232074937
3,더샵오포센트럴포레,아파트,전세,10/25,"4억 2,000",104B,76,112동,http://www.serve.co.kr/naver/rd.asp?UID=2232455127
4,더샵오포센트럴포레,아파트,전세,6/25,"3억 8,000",114A,84,109동,http://land.mk.co.kr/rd/rd.php?UID=2232409768
5,더샵오포센트럴포레,아파트,전세,7/25,"3억 5,000",104B,76,101동,http://www.serve.co.kr/naver/rd.asp?UID=2232468793
6,더샵오포센트럴포레,아파트,전세,24/25,"3억 4,000",114A,84,106동,http://land.mk.co.kr/rd/rd.php?UID=2232478357
7,더샵오포센트럴포레,아파트,전세,24/24,"4억 5,000",114A,84,107동,http://www.serve.co.kr/naver/rd.asp?UID=2232465501
8,더샵오포센트럴포레,아파트,전세,15/25,4억,114A,84,110동,http://www.serve.co.kr/naver/rd.asp?UID=2232463468
9,더샵오포센트럴포레,아파트,전세,15/25,"3억 8,000",114A,84,110동,https://www.rfine.kr/rd/rd.php?UID=2232423034
10,더샵오포센트럴포레,아파트,전세,12/25,"3억 5,000",114A,84,105동,http://www.neonet.co.kr/rd/rd.php?UID=2232486168
11,더샵오포센트럴포레,아파트,전세,3/25,"3억 8,000",104B,76,102동,http://land.mk.co.kr/rd/rd.php?UID=2232475641
12,더샵오포센트럴포레,아파트,전세,22/25,"3억 6,000",104B,76,103동,http://land.mk.co.kr/rd/rd.php?UID=2232513886
13,더샵오포센트럴포레,아파트,전세,24/25,"3억 9,000",104B,76,102동,http://land.mk.co.kr/rd/rd.php?UID=2232476293
14,더샵오포센트럴포레,아파트,전세,15/25,"3억 7,000",114A,84,111동,https://realestate.hankyung.com/naver-listing?UID=2232435993
15,더샵오포센트럴포레,아파트,전세,6/25,"3억 2,000",104B,76,106동,http://land.mk.co.kr/rd/rd.php?UID=2232522042
16,더샵오포센트럴포레,아파트,전세,19/25,"4억 5,000",114A,84,106동,http://land.mk.co.kr/rd/rd.php?UID=2232464049
17,더샵오포센트럴포레,아파트,월세,18/25,1억,104B,76,103동,http://land.mk.co.kr/rd/rd.php?UID=2232477254
18,더샵오포센트럴포레,아파트,전세,6/25,"3억 3,000",104B,76,105동,http://www.neonet.co.kr/rd/rd.php?UID=2232454362
19,더샵오포센트럴포레,아파트,전세,3/25,"3억 5,000",114A,84,106동,http://land.mk.co.kr/rd/rd.php?UID=2232470944
0,태전지웰,아파트,매매,15/15,5억,113A,84,101동,https://www.rfine.kr/rd/rd.php?UID=2231744757
1,태전지웰,아파트,매매,9/15,5억,111B,84,103동,https://www.r114.com/z/depot/public/ArticleFromNbp.r114?UID=2231658917
2,태전지웰,아파트,전세,8/15,4억,113A,84,102동,http://land.mk.co.kr/rd/rd.php?UID=2231065136
3,태전지웰,아파트,전세,12/14,"3억 2,000",111C,84,104동,http://land.mk.co.kr/rd/rd.php?UID=2230742223
4,태전지웰,아파트,매매,6/15,"4억 9,000",111B,84,102동,http://ten.co.kr/rd/rd.asp?UID=2231615849
5,태전지웰,아파트,매매,1/15,"4억 9,000",113A,84,102동,http://ten.co.kr/rd/rd.asp?UID=2230797565
6,태전지웰,아파트,전세,9/15,"3억 2,000",111B,84,103동,http://land.mk.co.kr/rd/rd.php?UID=2229385081
7,태전지웰,아파트,매매,3/14,"5억 1,000",111C,84,104동,http://www.neonet.co.kr/rd/rd.php?UID=2228783887
8,태전지웰,아파트,매매,중/15,"5억 3,000",111B,84,103동,http://ten.co.kr/rd/rd.asp?UID=2230428414
0,현대,아파트,매매,19/20,"4억 8,000",111,84,104동,http://www.serve.co.kr/naver/rd.asp?UID=2232220276
1,현대,아파트,매매,1/20,"4억 3,000",111,84,104동,http://land.mk.co.kr/rd/rd.php?UID=2231462581
2,현대,아파트,매매,14/20,"5억 4,000",144,116,106동,http://www.serve.co.kr/naver/rd.asp?UID=2231622370
3,현대,아파트,매매,13/20,"5억 2,000",127,99,103동,http://land.mk.co.kr/rd/rd.php?UID=2232240458
4,현대,아파트,매매,15/20,6억,144,116,106동,http://land.mk.co.kr/rd/rd.php?UID=2232238594
5,현대,아파트,매매,5/20,"4억 4,000",111,84,104동,http://land.mk.co.kr/rd/rd.php?UID=2232244563
6,현대,아파트,매매,8/20,"4억 5,000",111,84,104동,http://www.serve.co.kr/naver/rd.asp?UID=2230988115
7,현대,아파트,매매,14/20,"4억 5,000",111,84,101동,http://www.serve.co.kr/naver/rd.asp?UID=2232254855
8,현대,아파트,매매,20/20,6억,144,116,106동,http://land.mk.co.kr/rd/rd.php?UID=2231605901
9,현대,아파트,매매,16/20,"5억 2,000",127,99,103동,http://land.mk.co.kr/rd/rd.php?UID=2231605082
10,현대,아파트,매매,15/20,"5억 5,000",144,116,106동,http://land.mk.co.kr/rd/rd.php?UID=2231605508
11,현대,아파트,매매,고/20,"4억 9,000",127,99,103동,http://land.mk.co.kr/rd/rd.php?UID=2232239579
12,현대,아파트,매매,고/20,"5억 6,000",144,116,106동,http://land.mk.co.kr/rd/rd.php?UID=2230730888
13,현대,아파트,매매,10/20,"5억 2,000",127,99,103동,http://land.mk.co.kr/rd/rd.php?UID=2229988945
14,현대,아파트,매매,고/20,6억,144,116,106동,https://www.rfine.kr/rd/rd.php?UID=2232040762
15,현대,아파트,매매,중/20,"4억 3,000",111,84,101동,http://land.mk.co.kr/rd/rd.php?UID=2232121011
16,현대,아파트,전세,5/20,3억,127,99,103동,http://land.mk.co.kr/rd/rd.php?UID=2230808174
17,현대,아파트,매매,7/20,5억,127,99,105동,http://land.mk.co.kr/rd/rd.php?UID=2229304088
18,현대,아파트,전세,10/20,"3억 8,000",127,99,103동,http://land.mk.co.kr/rd/rd.php?UID=2229507763
19,현대,아파트,매매,20/20,"4억 9,000",127,99,103동,http://land.mk.co.kr/rd/rd.php?UID=2229300573
0,미진,아파트,매매,10/19,"4억 3,000",130,105,1동,http://land.mk.co.kr/rd/rd.php?UID=2232203952
1,미진,아파트,매매,12/19,"3억 3,000",73,59,1동,http://land.mk.co.kr/rd/rd.php?UID=2231701929
2,미진,아파트,매매,중/19,5억,130,105,1동,http://land.mk.co.kr/rd/rd.php?UID=2231850529
3,미진,아파트,매매,18/19,"4억 2,000",104,84,1동,http://www.serve.co.kr/naver/rd.asp?UID=2232408211
4,미진,아파트,매매,고/19,4억,104,84,1동,http://land.mk.co.kr/rd/rd.php?UID=2231244535
5,미진,아파트,전세,중/19,4억,130,105,1동,http://land.mk.co.kr/rd/rd.php?UID=2231244069
6,미진,아파트,매매,2/19,3억,73,59,1동,http://land.mk.co.kr/rd/rd.php?UID=2230379669
7,미진,아파트,매매,고/19,"3억 4,000",73,59,1동,https://www.rfine.kr/rd/rd.php?UID=2232333522
8,미진,아파트,매매,고/19,4억,104,84,1동,http://land.mk.co.kr/rd/rd.php?UID=2232225724
9,미진,아파트,전세,15/19,3억,104,84,1동,http://land.mk.co.kr/rd/rd.php?UID=2230033708
10,미진,아파트,전세,고/19,"2억 3,500",73,59,1동,http://land.mk.co.kr/rd/rd.php?UID=2231255129
11,미진,아파트,매매,3/19,"3억 5,000",73,59,1동,http://www.neonet.co.kr/rd/rd.php?UID=2229024837
12,미진,아파트,매매,2/19,"3억 5,000",73,59,1동,https://www.rfine.kr/rd/rd.php?UID=2230089457
13,미진,아파트,매매,고/19,"3억 3,000",73,59,1동,http://land.mk.co.kr/rd/rd.php?UID=2228978053
14,미진,아파트,매매,9/19,"3억 8,500",104,84,1동,https://www.rfine.kr/rd/rd.php?UID=2228919803
15,미진,아파트,전세,15/19,3억,104,84,1동,http://www.karhanbang.com/naver_link.asp?UID=2232339130
16,미진,아파트,매매,18/19,4억,104,84,1동,http://www.karhanbang.com/naver_link.asp?UID=2231260085
0,금호베스트빌,아파트,매매,3/15,"4억 6,000",117,84,104동,http://land.mk.co.kr/rd/rd.php?UID=2232041246
1,금호베스트빌,아파트,매매,7/15,5억,117,84,107동,http://www.serve.co.kr/naver/rd.asp?UID=2231220100
2,금호베스트빌,아파트,전세,중/15,"3억 5,000",117,84,107동,http://land.mk.co.kr/rd/rd.php?UID=2232274672
3,금호베스트빌,아파트,전세,7/15,"2억 5,000",117,84,107동,https://www.rfine.kr/rd/rd.php?UID=2232477676
4,금호베스트빌,아파트,매매,7/15,"5억 7,000",164,125,106동,https://realestate.hankyung.com/naver-listing?UID=2230839220
5,금호베스트빌,아파트,매매,고/15,5억,117,84,107동,http://www.serve.co.kr/naver/rd.asp?UID=2231220298
6,금호베스트빌,아파트,매매,1/15,"5억 2,000",117,84,102동,http://www.serve.co.kr/naver/rd.asp?UID=2230747669
7,금호베스트빌,아파트,전세,저/15,3억,117,84,104동,http://www.serve.co.kr/naver/rd.asp?UID=2232391061
8,금호베스트빌,아파트,매매,14/15,5억,117,84,102동,https://www.rfine.kr/rd/rd.php?UID=2231551927
9,금호베스트빌,아파트,전세,1/15,"3억 2,000",164,125,103동,https://www.rfine.kr/rd/rd.php?UID=2231225917
10,금호베스트빌,아파트,월세,4/15,"1억 5,000",117,84,107동,http://land.mk.co.kr/rd/rd.php?UID=2230268311
11,금호베스트빌,아파트,월세,고/15,"2억 5,000",117,84,102동,http://land.mk.co.kr/rd/rd.php?UID=2231839522
12,금호베스트빌,아파트,매매,중/15,"5억 7,000",164,125,106동,http://land.mk.co.kr/rd/rd.php?UID=2231342181
13,금호베스트빌,아파트,전세,9/15,"3억 3,000",117,84,107동,https://www.rfine.kr/rd/rd.php?UID=2229336706
14,금호베스트빌,아파트,전세,13/15,3억,117,84,102동,https://www.rfine.kr/rd/rd.php?UID=2230178595
15,금호베스트빌,아파트,매매,고/15,"4억 8,000",117,84,107동,http://ten.co.kr/rd/rd.asp?UID=2229844753
16,금호베스트빌,아파트,월세,고/15,"5,000",164,125,105동,https://www.r114.com/z/depot/public/ArticleFromNbp.r114?UID=2230836936
17,금호베스트빌,아파트,전세,저/15,4억,164,125,101동,http://land.mk.co.kr/rd/rd.php?UID=2228985211
18,금호베스트빌,아파트,월세,3/15,1억,164,125,101동,http://www.neonet.co.kr/rd/rd.php?UID=2229402106
19,금호베스트빌,아파트,매매,중/15,"4억 3,000",117,84,107동,https://www.rfine.kr/rd/rd.php?UID=2229319437
0,태전성원상떼빌5단지,아파트,매매,10/20,5억,106,84,505동,http://www.neonet.co.kr/rd/rd.php?UID=2232261947
1,태전성원상떼빌5단지,아파트,매매,19/20,"4억 6,000",106,84,505동,http://www.neonet.co.kr/rd/rd.php?UID=2231917490
2,태전성원상떼빌5단지,아파트,매매,1/19,"5억 5,000",137,109,504동,http://land.mk.co.kr/rd/rd.php?UID=2231441210
3,태전성원상떼빌5단지,아파트,매매,10/20,5억,106,84,508동,http://land.mk.co.kr/rd/rd.php?UID=2232493867
4,태전성원상떼빌5단지,아파트,매매,11/20,5억,106,84,507동,http://land.mk.co.kr/rd/rd.php?UID=2232494824
5,태전성원상떼빌5단지,아파트,매매,중/20,"5억 1,000",106,84,507동,http://homesdid.co.kr/rd.asp?UID=2231896961
6,태전성원상떼빌5단지,아파트,매매,4/20,"4억 5,000",106,84,507동,http://www.neonet.co.kr/rd/rd.php?UID=2231027300
7,태전성원상떼빌5단지,아파트,매매,고/20,"5억 3,000",106,84,505동,http://land.mk.co.kr/rd/rd.php?UID=2232461206
8,태전성원상떼빌5단지,아파트,매매,6/19,"6억 2,000",169,134,506동,http://land.mk.co.kr/rd/rd.php?UID=2230877188
9,태전성원상떼빌5단지,아파트,전세,12/20,"3억 7,000",106,84,508동,http://land.mk.co.kr/rd/rd.php?UID=2230500885
10,태전성원상떼빌5단지,아파트,전세,4/20,3억,106,84,507동,http://land.mk.co.kr/rd/rd.php?UID=2231724062
11,태전성원상떼빌5단지,아파트,매매,중/17,"4억 5,000",106,84,502동,http://land.mk.co.kr/rd/rd.php?UID=2232281426
12,태전성원상떼빌5단지,아파트,매매,중/19,6억,169,134,506동,http://land.mk.co.kr/rd/rd.php?UID=2232077108
13,태전성원상떼빌5단지,아파트,전세,중/17,"3억 7,000",106,84,502동,http://land.mk.co.kr/rd/rd.php?UID=2231307969
14,태전성원상떼빌5단지,아파트,매매,저/17,"4억 8,000",106,84,503동,http://land.mk.co.kr/rd/rd.php?UID=2231152199
15,태전성원상떼빌5단지,아파트,매매,19/20,"4억 5,000",106,84,508동,http://land.mk.co.kr/rd/rd.php?UID=2229994439
16,태전성원상떼빌5단지,아파트,전세,14/19,"4억 5,000",169,134,506동,http://land.mk.co.kr/rd/rd.php?UID=2230535850
17,태전성원상떼빌5단지,아파트,매매,19/20,5억,106,84,508동,http://land.mk.co.kr/rd/rd.php?UID=2230053761
18,태전성원상떼빌5단지,아파트,매매,중/20,"4억 3,000",106,84,507동,http://land.mk.co.kr/rd/rd.php?UID=2229493183
19,태전성원상떼빌5단지,아파트,단기임대,13/20,100,106,84,508동,https://www.rfine.kr/rd/rd.php?UID=2228877851
0,성원3단지,아파트,전세,19/20,4억,127,101,301동,http://www.neonet.co.kr/rd/rd.php?UID=2232258262
1,성원3단지,아파트,전세,고/20,3억,127,101,301동,http://www.neonet.co.kr/rd/rd.php?UID=2232456313
2,성원3단지,아파트,전세,중/17,"3억 8,000",168,134,304동,http://land.mk.co.kr/rd/rd.php?UID=2232516878
3,성원3단지,아파트,전세,고/17,"4억 5,000",168,134,304동,https://www.rfine.kr/rd/rd.php?UID=2232264945
4,성원3단지,아파트,월세,12/20,"5,000",127,101,301동,http://land.mk.co.kr/rd/rd.php?UID=2232494187
5,성원3단지,아파트,매매,고/19,5억,106,84,302동,http://www.serve.co.kr/naver/rd.asp?UID=2231978172
6,성원3단지,아파트,매매,고/20,"5억 4,000",127,101,301동,http://land.mk.co.kr/rd/rd.php?UID=2231445341
7,성원3단지,아파트,매매,4/20,"4억 7,000",127,101,301동,http://homesdid.co.kr/rd.asp?UID=2230670557
8,성원3단지,아파트,전세,저/17,4억,168,134,304동,http://land.mk.co.kr/rd/rd.php?UID=2232283204
9,성원3단지,아파트,전세,고/20,3억,127,101,301동,http://land.mk.co.kr/rd/rd.php?UID=2232233305
10,성원3단지,아파트,매매,중/20,"5억 3,000",127,101,301동,http://land.mk.co.kr/rd/rd.php?UID=2231071058
11,성원3단지,아파트,매매,20/20,"6억 4,000",168,134,305동,http://land.mk.co.kr/rd/rd.php?UID=2231452226
12,성원3단지,아파트,전세,중/20,4억,127,101,301동,http://land.mk.co.kr/rd/rd.php?UID=2230471138
13,성원3단지,아파트,전세,19/20,"4억 3,000",127,101,301동,http://land.mk.co.kr/rd/rd.php?UID=2229583497
14,성원3단지,아파트,매매,고/20,"5억 3,000",127,101,301동,http://land.mk.co.kr/rd/rd.php?UID=2231305072
15,성원3단지,아파트,전세,1/19,"3억 4,000",106,84,302동,http://homesdid.co.kr/rd.asp?UID=2229418402
16,성원3단지,아파트,매매,고/19,"4억 7,000",106,84,302동,http://land.mk.co.kr/rd/rd.php?UID=2230043233
17,성원3단지,아파트,매매,10/17,"5억 5,000",168,134,304동,http://land.mk.co.kr/rd/rd.php?UID=2230478148
18,성원3단지,아파트,매매,5/19,"4억 6,000",106,84,302동,http://land.mk.co.kr/rd/rd.php?UID=2230395268
19,성원3단지,아파트,월세,저/20,1억,168,134,305동,http://land.mk.co.kr/rd/rd.php?UID=2230718199
0,쌍용스윗닷홈3단지,아파트,매매,4/15,"3억 8,000",82,59,306동,http://land.mk.co.kr/rd/rd.php?UID=2232542517
1,쌍용스윗닷홈3단지,아파트,매매,10/15,"4억 3,000",82,59,302동,http://land.mk.co.kr/rd/rd.php?UID=2232076538
2,쌍용스윗닷홈3단지,아파트,매매,2/15,4억,106,84,304동,http://land.mk.co.kr/rd/rd.php?UID=2232092839
3,쌍용스윗닷홈3단지,아파트,전세,9/15,3억,106,84,303동,http://land.mk.co.kr/rd/rd.php?UID=2232493667
4,쌍용스윗닷홈3단지,아파트,매매,11/15,"4억 3,000",82,59,306동,http://land.mk.co.kr/rd/rd.php?UID=2231442131
5,쌍용스윗닷홈3단지,아파트,매매,15/15,"4억 2,000",82,59,306동,https://www.rfine.kr/rd/rd.php?UID=2231051180
6,쌍용스윗닷홈3단지,아파트,매매,3/15,4억,106,84,302동,http://land.mk.co.kr/rd/rd.php?UID=2230759948
7,쌍용스윗닷홈3단지,아파트,전세,15/15,"3억 5,000",106,84,303동,http://land.mk.co.kr/rd/rd.php?UID=2230753255
8,쌍용스윗닷홈3단지,아파트,전세,3/15,"2억 3,000",106,84,301동,http://land.mk.co.kr/rd/rd.php?UID=2231941992
9,쌍용스윗닷홈3단지,아파트,매매,4/15,"4억 6,000",106,84,303동,http://ten.co.kr/rd/rd.asp?UID=2230291169
10,쌍용스윗닷홈3단지,아파트,매매,저/15,"4억 5,000",106,84,303동,https://www.rfine.kr/rd/rd.php?UID=2231007445
11,쌍용스윗닷홈3단지,아파트,매매,중/15,"4억 2,000",106,84,304동,https://www.rfine.kr/rd/rd.php?UID=2231011886
12,쌍용스윗닷홈3단지,아파트,매매,10/15,"4억 7,000",106,84,305동,https://www.rfine.kr/rd/rd.php?UID=2229618632
13,쌍용스윗닷홈3단지,아파트,전세,중/15,3억,106,84,303동,http://www.karhanbang.com/naver_link.asp?UID=2232461473
0,광주태전e-편한세상,아파트,전세,4/14,4억,116,84,107동,http://www.serve.co.kr/naver/rd.asp?UID=2232407385
1,광주태전e-편한세상,아파트,매매,6/15,"6억 5,000",116,84,102동,http://homesdid.co.kr/rd.asp?UID=2232398064
2,광주태전e-편한세상,아파트,전세,11/14,"4억 2,000",116,84,107동,http://www.neonet.co.kr/rd/rd.php?UID=2232250021
3,광주태전e-편한세상,아파트,매매,9/15,"6억 7,000",116,84,104동,http://www.neonet.co.kr/rd/rd.php?UID=2232081510
4,광주태전e-편한세상,아파트,매매,11/14,"6억 2,000",116,84,107동,http://land.mk.co.kr/rd/rd.php?UID=2231679774
5,광주태전e-편한세상,아파트,전세,중/15,"3억 5,000",116,84,104동,http://homesdid.co.kr/rd.asp?UID=2232556442
6,광주태전e-편한세상,아파트,매매,4/14,"6억 2,000",116,84,107동,http://land.mk.co.kr/rd/rd.php?UID=2231441656
7,광주태전e-편한세상,아파트,매매,고/15,"7억 8,000",176,132,101동,http://www.serve.co.kr/naver/rd.asp?UID=2232056428
8,광주태전e-편한세상,아파트,매매,저/15,"7억 3,000",116,84,102동,http://www.serve.co.kr/naver/rd.asp?UID=2231991013
9,광주태전e-편한세상,아파트,월세,12/15,"5,000",176,132,101동,http://land.mk.co.kr/rd/rd.php?UID=2232355020
10,광주태전e-편한세상,아파트,전세,5/15,"4억 5,000",116,84,106동,http://www.serve.co.kr/naver/rd.asp?UID=2230927894
11,광주태전e-편한세상,아파트,월세,중/15,2억,116,84,104동,http://homesdid.co.kr/rd.asp?UID=2231418771
12,광주태전e-편한세상,아파트,전세,중/15,4억,116,84,104동,http://homesdid.co.kr/rd.asp?UID=2231418992
13,광주태전e-편한세상,아파트,전세,12/15,"3억 5,000",116,84,103동,http://www.serve.co.kr/naver/rd.asp?UID=2230747484
14,광주태전e-편한세상,아파트,매매,9/15,"5억 2,000",116,84,104동,https://www.rfine.kr/rd/rd.php?UID=2230805596
15,광주태전e-편한세상,아파트,전세,3/14,"3억 5,000",116,84,107동,https://www.rfine.kr/rd/rd.php?UID=2231774818
16,광주태전e-편한세상,아파트,매매,고/14,"5억 6,000",116,84,107동,http://www.serve.co.kr/naver/rd.asp?UID=2230940298
17,광주태전e-편한세상,아파트,매매,고/15,7억,116,84,106동,http://www.serve.co.kr/naver/rd.asp?UID=2230927700
18,광주태전e-편한세상,아파트,매매,중/15,"6억 2,000",116,84,106동,http://www.serve.co.kr/naver/rd.asp?UID=2230918082
19,광주태전e-편한세상,아파트,매매,중/15,"8억 5,000",176,132,101동,http://www.serve.co.kr/naver/rd.asp?UID=2230918262
0,힐스테이트태전(5지구C6블럭),아파트,매매,12/20,"4억 9,000",81A,59,1520동,http://land.mk.co.kr/rd/rd.php?UID=2232509309
1,힐스테이트태전(5지구C6블럭),아파트,매매,16/18,"5억 3,000",81A,59,1515동,http://land.mk.co.kr/rd/rd.php?UID=2232503501
2,힐스테이트태전(5지구C6블럭),아파트,전세,4/18,5억,114B,84,1517동,http://land.mk.co.kr/rd/rd.php?UID=2232275155
3,힐스테이트태전(5지구C6블럭),아파트,매매,고/18,"5억 7,000",98A,72,1515동,http://land.mk.co.kr/rd/rd.php?UID=2232505813
4,힐스테이트태전(5지구C6블럭),아파트,전세,고/18,"3억 5,000",88A,64,1519동,https://www.rfine.kr/rd/rd.php?UID=2232463284
5,힐스테이트태전(5지구C6블럭),아파트,전세,중/18,"3억 7,000",88A,64,1519동,http://land.mk.co.kr/rd/rd.php?UID=2232280725
6,힐스테이트태전(5지구C6블럭),아파트,매매,중/18,"6억 5,000",114B,84,1518동,https://www.rfine.kr/rd/rd.php?UID=2231833227
7,힐스테이트태전(5지구C6블럭),아파트,매매,고/18,"6억 4,000",88A,64,1519동,https://www.rfine.kr/rd/rd.php?UID=2231776819
8,힐스테이트태전(5지구C6블럭),아파트,매매,8/18,"5억 8,000",81B,59,1515동,http://www.neonet.co.kr/rd/rd.php?UID=2231015195
9,힐스테이트태전(5지구C6블럭),아파트,매매,고/18,"7억 8,000",114C,84,1518동,http://land.mk.co.kr/rd/rd.php?UID=2231445691
10,힐스테이트태전(5지구C6블럭),아파트,매매,7/18,"5억 5,000",98A,72,1519동,https://realestate.hankyung.com/naver-listing?UID=2230469371
11,힐스테이트태전(5지구C6블럭),아파트,전세,7/18,"4억 5,000",114C,84,1518동,https://realestate.hankyung.com/naver-listing?UID=2230157581
12,힐스테이트태전(5지구C6블럭),아파트,매매,16/20,"5억 6,000",81B,59,1516동,https://www.rfine.kr/rd/rd.php?UID=2229920338
13,힐스테이트태전(5지구C6블럭),아파트,전세,중/18,"3억 3,000",88A,64,1515동,http://www.serve.co.kr/naver/rd.asp?UID=2230702194
14,힐스테이트태전(5지구C6블럭),아파트,전세,중/18,4억,114B,84,1518동,https://www.rfine.kr/rd/rd.php?UID=2230680759
15,힐스테이트태전(5지구C6블럭),아파트,월세,저/18,"7,000",98A,72,1515동,http://www.neonet.co.kr/rd/rd.php?UID=2231878911
16,힐스테이트태전(5지구C6블럭),아파트,매매,저/18,5억,81A,59,1515동,https://www.rfine.kr/rd/rd.php?UID=2231698413
17,힐스테이트태전(5지구C6블럭),아파트,매매,고/18,6억,81B,59,1519동,http://www.serve.co.kr/naver/rd.asp?UID=2229609317
18,힐스테이트태전(5지구C6블럭),아파트,매매,고/20,"6억 3,000",81A,59,1516동,http://www.serve.co.kr/naver/rd.asp?UID=2229606616
19,힐스테이트태전(5지구C6블럭),아파트,매매,저/18,7억,98A,72,1515동,http://www.neonet.co.kr/rd/rd.php?UID=2231050638
0,힐스테이트태전에듀포레2차(C11블록),아파트,월세,9/23,"5,000",99B,72,2107동,https://realestate.hankyung.com/naver-listing?UID=2232423477
1,힐스테이트태전에듀포레2차(C11블록),아파트,전세,11/17,"3억 5,000",98A,72,2101동,http://land.mk.co.kr/rd/rd.php?UID=2232413407
2,힐스테이트태전에듀포레2차(C11블록),아파트,전세,1/23,"3억 2,000",98A,72,2103동,http://land.mk.co.kr/rd/rd.php?UID=2232412976
3,힐스테이트태전에듀포레2차(C11블록),아파트,월세,1/23,1억,98A,72,2103동,http://land.mk.co.kr/rd/rd.php?UID=2232414213
4,힐스테이트태전에듀포레2차(C11블록),아파트,매매,12/19,6억,98A,72,2109동,http://homesdid.co.kr/rd.asp?UID=2232454352
5,힐스테이트태전에듀포레2차(C11블록),아파트,매매,5/23,7억,99B,72,2106동,http://homesdid.co.kr/rd.asp?UID=2232570751
6,힐스테이트태전에듀포레2차(C11블록),아파트,매매,1/23,"5억 3,000",98A,72,2103동,http://homesdid.co.kr/rd.asp?UID=2232150094
7,힐스테이트태전에듀포레2차(C11블록),아파트,매매,15/17,"5억 6,000",99B,72,2101동,http://www.serve.co.kr/naver/rd.asp?UID=2232061156
8,힐스테이트태전에듀포레2차(C11블록),아파트,전세,9/19,"3억 5,000",99B,72,2109동,http://land.mk.co.kr/rd/rd.php?UID=2231929663
9,힐스테이트태전에듀포레2차(C11블록),아파트,매매,11/23,6억,98A,72,2107동,http://land.mk.co.kr/rd/rd.php?UID=2231958149
10,힐스테이트태전에듀포레2차(C11블록),아파트,매매,20/23,"6억 7,000",98A,72,2107동,http://land.mk.co.kr/rd/rd.php?UID=2231527425
11,힐스테이트태전에듀포레2차(C11블록),아파트,전세,6/19,"3억 2,000",85A,62,2104동,http://land.mk.co.kr/rd/rd.php?UID=2231634255
12,힐스테이트태전에듀포레2차(C11블록),아파트,매매,고/23,"6억 2,000",85A,62,2103동,http://land.mk.co.kr/rd/rd.php?UID=2232410245
13,힐스테이트태전에듀포레2차(C11블록),아파트,전세,저/23,"3억 2,000",98A,72,2103동,http://land.mk.co.kr/rd/rd.php?UID=2232503073
14,힐스테이트태전에듀포레2차(C11블록),아파트,월세,저/23,"5,000",98A,72,2103동,http://land.mk.co.kr/rd/rd.php?UID=2232504428
15,힐스테이트태전에듀포레2차(C11블록),아파트,매매,14/20,"7억 9,000",113,84,2102동,http://land.mk.co.kr/rd/rd.php?UID=2231302712
16,힐스테이트태전에듀포레2차(C11블록),아파트,매매,고/19,5억,85A,62,2104동,https://www.rfine.kr/rd/rd.php?UID=2232388577
17,힐스테이트태전에듀포레2차(C11블록),아파트,매매,9/17,"4억 8,000",85B,62,2101동,http://www.neonet.co.kr/rd/rd.php?UID=2231182815
18,힐스테이트태전에듀포레2차(C11블록),아파트,매매,13/23,6억,98A,72,2103동,http://www.peterpanz.com/rd/rd.php?UID=2231418983
19,힐스테이트태전에듀포레2차(C11블록),아파트,전세,13/23,"4억 5,000",98A,72,2103동,http://www.peterpanz.com/rd/rd.php?UID=2231418894
0,e편한세상태전2차(C1블럭),아파트,매매,4/18,"6억 5,000",110A,84,101동,http://homesdid.co.kr/rd.asp?UID=2232510478
1,e편한세상태전2차(C1블럭),아파트,전세,4/18,"3억 5,000",110A,84,101동,http://www.neonet.co.kr/rd/rd.php?UID=2232480051
2,e편한세상태전2차(C1블럭),아파트,월세,14/19,1억,110A,84,103동,http://land.mk.co.kr/rd/rd.php?UID=2232514744
3,e편한세상태전2차(C1블럭),아파트,매매,3/19,"5억 9,000",110A,84,102동,http://www.neonet.co.kr/rd/rd.php?UID=2232481396
4,e편한세상태전2차(C1블럭),아파트,매매,7/17,7억,112C,84,106동,http://land.mk.co.kr/rd/rd.php?UID=2232390969
5,e편한세상태전2차(C1블럭),아파트,매매,15/19,7억,110A,84,103동,http://land.mk.co.kr/rd/rd.php?UID=2232091791
6,e편한세상태전2차(C1블럭),아파트,매매,14/19,"6억 2,000",110A,84,103동,http://www.neonet.co.kr/rd/rd.php?UID=2231686125
7,e편한세상태전2차(C1블럭),아파트,전세,중/15,"3억 5,000",110A,84,104동,https://www.rfine.kr/rd/rd.php?UID=2232483688
8,e편한세상태전2차(C1블럭),아파트,매매,중/15,"6억 5,000",110A,84,104동,http://homesdid.co.kr/rd.asp?UID=2232511064
9,e편한세상태전2차(C1블럭),아파트,전세,4/19,"3억 8,000",110A,84,103동,http://www.neonet.co.kr/rd/rd.php?UID=2231294227
10,e편한세상태전2차(C1블럭),아파트,매매,저/20,"6억 6,000",110A,84,105동,http://www.neonet.co.kr/rd/rd.php?UID=2231720962
11,e편한세상태전2차(C1블럭),아파트,매매,2/20,"6억 2,000",110A,84,105동,http://homesdid.co.kr/rd.asp?UID=2231143235
12,e편한세상태전2차(C1블럭),아파트,매매,15/19,"6억 5,000",110A,84,103동,http://land.mk.co.kr/rd/rd.php?UID=2231158103
13,e편한세상태전2차(C1블럭),아파트,매매,고/19,"6억 5,000",110A,84,103동,https://www.rfine.kr/rd/rd.php?UID=2231538591
14,e편한세상태전2차(C1블럭),아파트,매매,저/19,"6억 7,000",110A,84,103동,https://www.rfine.kr/rd/rd.php?UID=2231539865
15,e편한세상태전2차(C1블럭),아파트,매매,2/19,"6억 7,000",111,84,102동,http://land.mk.co.kr/rd/rd.php?UID=2230870200
16,e편한세상태전2차(C1블럭),아파트,월세,저/19,1억,110A,84,103동,http://www.neonet.co.kr/rd/rd.php?UID=2231292870
17,e편한세상태전2차(C1블럭),아파트,매매,4/18,7억,110A,84,101동,http://homesdid.co.kr/rd.asp?UID=2230525310
18,e편한세상태전2차(C1블럭),아파트,매매,14/15,"7억 5,000",110A,84,104동,http://land.mk.co.kr/rd/rd.php?UID=2231756387
19,e편한세상태전2차(C1블럭),아파트,매매,중/19,"6억 8,000",111,84,102동,http://land.mk.co.kr/rd/rd.php?UID=2231072257
0,e편한세상태전2차,아파트,매매,2/17,"7억 5,000",110A,84,205동,http://homesdid.co.kr/rd.asp?UID=2232528730
1,e편한세상태전2차,아파트,매매,1/17,"6억 5,000",110A,84,205동,http://land.mk.co.kr/rd/rd.php?UID=2232516676
2,e편한세상태전2차,아파트,전세,7/14,4억,110A,84,204동,http://land.mk.co.kr/rd/rd.php?UID=2232362760
3,e편한세상태전2차,아파트,매매,3/20,6억 500,111B,84,201동,http://homesdid.co.kr/rd.asp?UID=2232391201
4,e편한세상태전2차,아파트,매매,5/20,"6억 4,000",111C,84,201동,http://land.mk.co.kr/rd/rd.php?UID=2232199930
5,e편한세상태전2차,아파트,전세,12/17,"4억 3,000",110A,84,205동,https://www.rfine.kr/rd/rd.php?UID=2232079257
6,e편한세상태전2차,아파트,매매,13/17,"6억 5,000",110A,84,205동,https://www.rfine.kr/rd/rd.php?UID=2231947866
7,e편한세상태전2차,아파트,매매,6/19,"6억 5,000",111B,84,202동,http://land.mk.co.kr/rd/rd.php?UID=2231625283
8,e편한세상태전2차,아파트,전세,중/10,"4억 3,000",110A,84,203동,http://homesdid.co.kr/rd.asp?UID=2232528475
9,e편한세상태전2차,아파트,매매,7/20,"6억 7,000",111B,84,201동,http://land.mk.co.kr/rd/rd.php?UID=2231595472
10,e편한세상태전2차,아파트,매매,1/19,"7억 1,000",111B,84,202동,http://land.mk.co.kr/rd/rd.php?UID=2231459150
11,e편한세상태전2차,아파트,매매,1/14,"5억 8,000",110A,84,204동,http://www.serve.co.kr/naver/rd.asp?UID=2231189483
12,e편한세상태전2차,아파트,매매,중/20,"6억 7,000",111C,84,201동,http://land.mk.co.kr/rd/rd.php?UID=2231314393
13,e편한세상태전2차,아파트,매매,고/17,"7억 3,000",110A,84,205동,http://land.mk.co.kr/rd/rd.php?UID=2231444446
14,e편한세상태전2차,아파트,매매,저/19,"7억 2,000",111B,84,202동,http://land.mk.co.kr/rd/rd.php?UID=2231152813
15,e편한세상태전2차,아파트,매매,저/20,7억,111B,84,201동,http://www.neonet.co.kr/rd/rd.php?UID=2230727538
16,e편한세상태전2차,아파트,전세,고/19,"4억 6,000",111C,84,202동,http://homesdid.co.kr/rd.asp?UID=2230285026
17,e편한세상태전2차,아파트,매매,고/17,"7억 5,000",110A,84,205동,http://www.neonet.co.kr/rd/rd.php?UID=2230276120
18,e편한세상태전2차,아파트,매매,저/17,7억,110A,84,205동,http://www.neonet.co.kr/rd/rd.php?UID=2230059635
19,e편한세상태전2차,아파트,전세,4/14,"3억 6,000",110A,84,204동,https://www.r114.com/z/depot/public/ArticleFromNbp.r114?UID=2228916083
0,성원1단지,아파트,매매,7/20,"5억 2,000",105,84,108동,http://land.mk.co.kr/rd/rd.php?UID=2232518603
1,성원1단지,아파트,매매,12/17,"5억 3,000",105,84,103동,http://homesdid.co.kr/rd.asp?UID=2232391593
2,성원1단지,아파트,매매,17/20,"5억 2,000",105,84,105동,http://land.mk.co.kr/rd/rd.php?UID=2232300454
3,성원1단지,아파트,전세,13/20,3억,105,84,107동,http://www.neonet.co.kr/rd/rd.php?UID=2232021805
4,성원1단지,아파트,매매,중/20,"4억 9,000",125,101,104동,http://www.neonet.co.kr/rd/rd.php?UID=2232039054
5,성원1단지,아파트,전세,7/20,"2억 8,000",105,84,105동,http://land.mk.co.kr/rd/rd.php?UID=2232557777
6,성원1단지,아파트,매매,중/17,"3억 5,000",74,59,101동,http://www.neonet.co.kr/rd/rd.php?UID=2231688128
7,성원1단지,아파트,매매,17/20,"4억 6,000",105,84,108동,http://land.mk.co.kr/rd/rd.php?UID=2231076601
8,성원1단지,아파트,매매,중/17,"4억 8,000",105,84,103동,http://land.mk.co.kr/rd/rd.php?UID=2231316490
9,성원1단지,아파트,매매,9/18,"6억 2,000",166,134,106동,https://www.rfine.kr/rd/rd.php?UID=2230767980
10,성원1단지,아파트,매매,9/20,"4억 7,000",105,84,107동,https://www.rfine.kr/rd/rd.php?UID=2231983415
11,성원1단지,아파트,매매,5/17,"4억 1,000",74,59,102동,https://www.rfine.kr/rd/rd.php?UID=2230579815
12,성원1단지,아파트,매매,17/17,4억,74,59,102동,http://land.mk.co.kr/rd/rd.php?UID=2230512781
13,성원1단지,아파트,매매,4/20,"4억 5,000",105,84,105동,https://www.rfine.kr/rd/rd.php?UID=2230577160
14,성원1단지,아파트,매매,중/17,4억,74,59,102동,http://land.mk.co.kr/rd/rd.php?UID=2232127812
15,성원1단지,아파트,매매,1/20,"4억 2,000",105,84,107동,http://land.mk.co.kr/rd/rd.php?UID=2231644066
16,성원1단지,아파트,전세,18/18,4억,166,134,106동,http://land.mk.co.kr/rd/rd.php?UID=2231456540
17,성원1단지,아파트,매매,13/17,"4억 5,000",105,84,103동,http://land.mk.co.kr/rd/rd.php?UID=2231322767
18,성원1단지,아파트,매매,2/17,5억,105,84,103동,http://land.mk.co.kr/rd/rd.php?UID=2230212285
19,성원1단지,아파트,전세,저/20,3억,105,84,107동,http://land.mk.co.kr/rd/rd.php?UID=2231981811
0,태전효성해링턴플레이스,아파트,매매,4/20,"6억 1,000",99B,73,109동,http://homesdid.co.kr/rd.asp?UID=2232572226
1,태전효성해링턴플레이스,아파트,매매,7/20,"5억 3,000",113B,84,104동,http://land.mk.co.kr/rd/rd.php?UID=2232408488
2,태전효성해링턴플레이스,아파트,매매,10/20,"5억 8,000",113B,84,106동,http://www.neonet.co.kr/rd/rd.php?UID=2232204574
3,태전효성해링턴플레이스,아파트,매매,4/20,6억,113B,84,104동,http://land.mk.co.kr/rd/rd.php?UID=2232274558
4,태전효성해링턴플레이스,아파트,매매,2/20,"5억 8,000",113C,84,106동,http://www.serve.co.kr/naver/rd.asp?UID=2232221408
5,태전효성해링턴플레이스,아파트,매매,19/20,"5억 9,000",98A,73,102동,http://www.neonet.co.kr/rd/rd.php?UID=2232206721
6,태전효성해링턴플레이스,아파트,전세,8/17,"3억 7,000",112A,84,110동,http://www.serve.co.kr/naver/rd.asp?UID=2231693155
7,태전효성해링턴플레이스,아파트,월세,20/20,1억,112A,84,101동,http://land.mk.co.kr/rd/rd.php?UID=2231650486
8,태전효성해링턴플레이스,아파트,월세,저/20,1억,112A,84,103동,http://www.neonet.co.kr/rd/rd.php?UID=2232486526
9,태전효성해링턴플레이스,아파트,전세,7/20,"4억 5,000",113B,84,104동,http://land.mk.co.kr/rd/rd.php?UID=2231243716
10,태전효성해링턴플레이스,아파트,매매,15/20,"5억 8,000",98A,73,109동,http://www.serve.co.kr/naver/rd.asp?UID=2231200235
11,태전효성해링턴플레이스,아파트,전세,2/20,"3억 8,000",112A,84,104동,http://land.mk.co.kr/rd/rd.php?UID=2231347339
12,태전효성해링턴플레이스,아파트,매매,고/20,"6억 2,000",112A,84,101동,http://www.serve.co.kr/naver/rd.asp?UID=2232217162
13,태전효성해링턴플레이스,아파트,전세,저/20,4억,99B,73,109동,http://www.serve.co.kr/naver/rd.asp?UID=2232228323
14,태전효성해링턴플레이스,아파트,매매,고/20,6억,112A,84,103동,http://land.mk.co.kr/rd/rd.php?UID=2232267068
15,태전효성해링턴플레이스,아파트,매매,3/19,"6억 5,000",113B,84,107동,http://land.mk.co.kr/rd/rd.php?UID=2232124150
16,태전효성해링턴플레이스,아파트,매매,저/20,"5억 9,000",112A,84,103동,http://www.neonet.co.kr/rd/rd.php?UID=2231891508
17,태전효성해링턴플레이스,아파트,매매,고/20,"5억 3,000",99B,73,109동,http://www.neonet.co.kr/rd/rd.php?UID=2231754676
18,태전효성해링턴플레이스,아파트,매매,2/19,"5억 5,000",113C,84,107동,http://land.mk.co.kr/rd/rd.php?UID=2231012852
19,태전효성해링턴플레이스,아파트,매매,고/20,"6억 1,000",112A,84,101동,http://land.mk.co.kr/rd/rd.php?UID=2231651617
0,쌍용스윗닷홈2단지,아파트,전세,2/9,"2억 6,000",93,73,204동,http://land.mk.co.kr/rd/rd.php?UID=2232319305
1,쌍용스윗닷홈2단지,아파트,월세,8/8,"8,000",93,73,206동,http://www.neonet.co.kr/rd/rd.php?UID=2231624299
2,쌍용스윗닷홈2단지,아파트,전세,4/15,"3억 3,000",105,84,203동,http://land.mk.co.kr/rd/rd.php?UID=2231321480
3,쌍용스윗닷홈2단지,아파트,월세,7/15,"5,000",105,84,201동,http://land.mk.co.kr/rd/rd.php?UID=2231318085
4,쌍용스윗닷홈2단지,아파트,월세,중/9,"1억 8,000",93,73,204동,http://land.mk.co.kr/rd/rd.php?UID=2232093417
5,쌍용스윗닷홈2단지,아파트,전세,8/15,"2억 8,000",105,84,207동,http://land.mk.co.kr/rd/rd.php?UID=2232492892
6,쌍용스윗닷홈2단지,아파트,매매,12/15,"4억 5,000",105,84,207동,http://homesdid.co.kr/rd.asp?UID=2231145073
7,쌍용스윗닷홈2단지,아파트,매매,4/15,"4억 5,000",105,84,205동,http://www.serve.co.kr/naver/rd.asp?UID=2232169696
8,쌍용스윗닷홈2단지,아파트,전세,14/15,3억,105,84,205동,http://ten.co.kr/rd/rd.asp?UID=2232067443
9,쌍용스윗닷홈2단지,아파트,매매,6/15,"4억 7,000",105,84,207동,https://www.rfine.kr/rd/rd.php?UID=2231731027
10,쌍용스윗닷홈2단지,아파트,매매,3/15,"4억 5,000",105,84,207동,http://ten.co.kr/rd/rd.asp?UID=2231381287
11,쌍용스윗닷홈2단지,아파트,매매,고/15,"4억 6,000",105,84,207동,https://www.rfine.kr/rd/rd.php?UID=2231050502
12,쌍용스윗닷홈2단지,아파트,매매,중/13,"4억 5,000",93,73,202동,http://www.neonet.co.kr/rd/rd.php?UID=2230777523
13,쌍용스윗닷홈2단지,아파트,매매,15/15,"4억 8,000",105,84,205동,http://land.mk.co.kr/rd/rd.php?UID=2229636527
14,쌍용스윗닷홈2단지,아파트,매매,4/9,"4억 1,000",93,73,204동,http://homesdid.co.kr/rd.asp?UID=2231134952
15,쌍용스윗닷홈2단지,아파트,매매,8/15,"4억 1,000",105,84,207동,http://land.mk.co.kr/rd/rd.php?UID=2230814420
16,쌍용스윗닷홈2단지,아파트,매매,중/15,"4억 8,500",105,84,201동,https://www.rfine.kr/rd/rd.php?UID=2231010494
17,쌍용스윗닷홈2단지,아파트,매매,고/15,"4억 9,000",105,84,207동,https://www.rfine.kr/rd/rd.php?UID=2231006789
18,쌍용스윗닷홈2단지,아파트,매매,중/15,"4억 7,000",105,84,207동,https://www.rfine.kr/rd/rd.php?UID=2231012764
19,쌍용스윗닷홈2단지,아파트,매매,저/15,"5억 4,500",105,84,201동,https://www.rfine.kr/rd/rd.php?UID=2228723789
0,힐스테이트태전(5지구C5블럭),아파트,전세,6/20,3억,81A,59,1512동,http://www.neonet.co.kr/rd/rd.php?UID=2232459818
1,힐스테이트태전(5지구C5블럭),아파트,매매,5/22,"7억 1,000",114C,84,1510동,http://land.mk.co.kr/rd/rd.php?UID=2232545975
2,힐스테이트태전(5지구C5블럭),아파트,매매,17/19,6억,98A,72,1509동,http://land.mk.co.kr/rd/rd.php?UID=2232503886
3,힐스테이트태전(5지구C5블럭),아파트,매매,2/21,"5억 7,000",98D,72,1514동,http://land.mk.co.kr/rd/rd.php?UID=2232507675
4,힐스테이트태전(5지구C5블럭),아파트,매매,3/21,6억,98D,72,1514동,http://land.mk.co.kr/rd/rd.php?UID=2232502690
5,힐스테이트태전(5지구C5블럭),아파트,매매,22/22,7억,114B,84,1511동,http://land.mk.co.kr/rd/rd.php?UID=2232506272
6,힐스테이트태전(5지구C5블럭),아파트,전세,5/22,"4억 1,000",114C,84,1510동,https://www.rfine.kr/rd/rd.php?UID=2232464714
7,힐스테이트태전(5지구C5블럭),아파트,전세,4/19,"3억 6,000",87A,64,1509동,http://www.neonet.co.kr/rd/rd.php?UID=2232420466
8,힐스테이트태전(5지구C5블럭),아파트,전세,19/19,"3억 5,000",98A,72,1509동,http://land.mk.co.kr/rd/rd.php?UID=2232278771
9,힐스테이트태전(5지구C5블럭),아파트,매매,17/20,"5억 5,000",81A,59,1512동,http://land.mk.co.kr/rd/rd.php?UID=2232270603
10,힐스테이트태전(5지구C5블럭),아파트,전세,19/22,"3억 5,000",98C,72,1508동,https://www.rfine.kr/rd/rd.php?UID=2232034770
11,힐스테이트태전(5지구C5블럭),아파트,월세,14/22,2억,114C,84,1510동,http://land.mk.co.kr/rd/rd.php?UID=2232114048
12,힐스테이트태전(5지구C5블럭),아파트,매매,14/22,"6억 2,000",98C,72,1508동,http://www.neonet.co.kr/rd/rd.php?UID=2231523202
13,힐스테이트태전(5지구C5블럭),아파트,매매,중/22,"6억 7,000",114B,84,1511동,https://www.rfine.kr/rd/rd.php?UID=2232460413
14,힐스테이트태전(5지구C5블럭),아파트,전세,고/20,4억,98A,72,1512동,https://www.rfine.kr/rd/rd.php?UID=2232459058
15,힐스테이트태전(5지구C5블럭),아파트,매매,고/22,"7억 2,000",114C,84,1510동,https://www.rfine.kr/rd/rd.php?UID=2232466295
16,힐스테이트태전(5지구C5블럭),아파트,매매,중/22,"5억 7,000",98B,72,1508동,http://land.mk.co.kr/rd/rd.php?UID=2232478363
17,힐스테이트태전(5지구C5블럭),아파트,매매,13/22,"7억 8,000",114C,84,1510동,http://land.mk.co.kr/rd/rd.php?UID=2231409127
18,힐스테이트태전(5지구C5블럭),아파트,전세,13/22,5억,114C,84,1510동,http://land.mk.co.kr/rd/rd.php?UID=2231444766
19,힐스테이트태전(5지구C5블럭),아파트,매매,고/21,6억,98B,72,1507동,https://www.rfine.kr/rd/rd.php?UID=2232375589
0,힐스테이트태전(6지구C7블럭),아파트,매매,8/13,"5억 8,000",81A,59,1607동,https://realestate.hankyung.com/naver-listing?UID=2232426594
1,힐스테이트태전(6지구C7블럭),아파트,매매,18/23,7억,98D,72,1603동,https://www.rfine.kr/rd/rd.php?UID=2232491075
2,힐스테이트태전(6지구C7블럭),아파트,월세,11/13,"3,000",81B,59,1606동,http://land.mk.co.kr/rd/rd.php?UID=2232206859
3,힐스테이트태전(6지구C7블럭),아파트,매매,2/13,6억,81A,59,1607동,http://www.neonet.co.kr/rd/rd.php?UID=2232398940
4,힐스테이트태전(6지구C7블럭),아파트,매매,17/23,"5억 6,000",98D,72,1601동,http://www.neonet.co.kr/rd/rd.php?UID=2232346445
5,힐스테이트태전(6지구C7블럭),아파트,매매,13/23,"8억 5,000",113A,84,1604동,http://www.neonet.co.kr/rd/rd.php?UID=2232262569
6,힐스테이트태전(6지구C7블럭),아파트,전세,17/23,"5억 3,000",113A,84,1604동,http://land.mk.co.kr/rd/rd.php?UID=2232285589
7,힐스테이트태전(6지구C7블럭),아파트,월세,19/23,1억,98B,72,1602동,https://realestate.hankyung.com/naver-listing?UID=2232395676
8,힐스테이트태전(6지구C7블럭),아파트,월세,17/23,2억,113A,84,1604동,http://homesdid.co.kr/rd.asp?UID=2232087936
9,힐스테이트태전(6지구C7블럭),아파트,매매,4/20,"4억 8,000",81A,59,1608동,http://land.mk.co.kr/rd/rd.php?UID=2232045298
10,힐스테이트태전(6지구C7블럭),아파트,전세,21/23,"3억 5,000",98D,72,1603동,https://realestate.hankyung.com/naver-listing?UID=2232096602
11,힐스테이트태전(6지구C7블럭),아파트,매매,21/23,5억,98D,72,1603동,https://realestate.hankyung.com/naver-listing?UID=2232091139
12,힐스테이트태전(6지구C7블럭),아파트,매매,10/23,6억,98B,72,1602동,http://www.neonet.co.kr/rd/rd.php?UID=2231907178
13,힐스테이트태전(6지구C7블럭),아파트,전세,18/23,"3억 5,000",98B,72,1603동,http://land.mk.co.kr/rd/rd.php?UID=2231889281
14,힐스테이트태전(6지구C7블럭),아파트,전세,20/23,"5억 3,000",114C,84,1605동,http://land.mk.co.kr/rd/rd.php?UID=2231980499
15,힐스테이트태전(6지구C7블럭),아파트,월세,20/23,2억,114C,84,1605동,http://land.mk.co.kr/rd/rd.php?UID=2231990911
16,힐스테이트태전(6지구C7블럭),아파트,매매,1/23,8억,114C,84,1605동,https://www.rfine.kr/rd/rd.php?UID=2231562102
17,힐스테이트태전(6지구C7블럭),아파트,전세,저/23,"4억 1,000",98B,72,1601동,http://homesdid.co.kr/rd.asp?UID=2232553965
18,힐스테이트태전(6지구C7블럭),아파트,월세,2/20,"1억 5,000",88A,64,1608동,http://land.mk.co.kr/rd/rd.php?UID=2231592612
19,힐스테이트태전(6지구C7블럭),아파트,매매,8/23,"7억 9,000",113A,84,1604동,https://realestate.hankyung.com/naver-listing?UID=2231452843
