articleName,realEstateTypeName,tradeTypeName,floorInfo,dealOrWarrantPrc,areaName,area2,buildingName,cpPcArticleUrl
e편한세상스마일시티,아파트,매매,19/25,"2억 6,000",82,59,110동,http://land.mk.co.kr/rd/rd.php?UID=2235738879
e편한세상스마일시티,아파트,전세,13/17,2억,73,51,112동,http://land.mk.co.kr/rd/rd.php?UID=2235688002
e편한세상스마일시티,아파트,전세,3/26,"2억 5,000",97B,72,106동,http://land.mk.co.kr/rd/rd.php?UID=2235571569
e편한세상스마일시티,아파트,전세,7/23,"2억 8,000",97B,72,103동,http://land.mk.co.kr/rd/rd.php?UID=2235630978
e편한세상스마일시티,아파트,매매,18/26,"3억 3,000",97B,72,106동,http://land.mk.co.kr/rd/rd.php?UID=2235421915
e편한세상스마일시티,아파트,매매,14/21,"3억 2,000",110B,84,104동,http://land.mk.co.kr/rd/rd.php?UID=2235182670
e편한세상스마일시티,아파트,전세,6/25,"2억 3,000",82,59,102동,http://land.mk.co.kr/rd/rd.php?UID=2235468803
e편한세상스마일시티,아파트,매매,8/25,"2억 7,500",82,59,102동,http://land.mk.co.kr/rd/rd.php?UID=2235771010
e편한세상스마일시티,아파트,매매,21/25,"2억 7,000",82,59,111동,http://land.mk.co.kr/rd/rd.php?UID=2235737601
e편한세상스마일시티,아파트,매매,14/21,"3억 5,500",110B,84,107동,http://land.mk.co.kr/rd/rd.php?UID=2235690000
e편한세상스마일시티,아파트,전세,23/25,"2억 2,000",82,59,111동,http://land.mk.co.kr/rd/rd.php?UID=2235576886
e편한세상스마일시티,아파트,월세,1/25,"2,000",82,59,102동,http://land.mk.co.kr/rd/rd.php?UID=2235573769
e편한세상스마일시티,아파트,매매,20/22,"3억 7,000",110B,84,105동,http://land.mk.co.kr/rd/rd.php?UID=2235505659
e편한세상스마일시티,아파트,매매,9/23,3억,97B,72,103동,http://land.mk.co.kr/rd/rd.php?UID=2235506203
e편한세상스마일시티,아파트,매매,17/22,"3억 7,000",110A,84,105동,http://land.mk.co.kr/rd/rd.php?UID=2235648206
e편한세상스마일시티,아파트,매매,18/25,"2억 6,000",82,59,102동,http://land.mk.co.kr/rd/rd.php?UID=2235665171
e편한세상스마일시티,아파트,전세,9/25,"2억 2,000",82,59,111동,http://land.mk.co.kr/rd/rd.php?UID=2235304607
e편한세상스마일시티,아파트,매매,17/21,"4억 2,000",110A,84,107동,http://land.mk.co.kr/rd/rd.php?UID=2235504588
e편한세상스마일시티,아파트,전세,6/25,"2억 5,000",97B,72,108동,http://land.mk.co.kr/rd/rd.php?UID=2235665476
e편한세상스마일시티,아파트,전세,10/26,"2억 5,000",97B,72,106동,http://land.mk.co.kr/rd/rd.php?UID=2235665487
e편한세상스마일시티,아파트,매매,16/25,"2억 5,000",82,59,110동,http://land.mk.co.kr/rd/rd.php?UID=2235664942
e편한세상스마일시티,아파트,매매,25/25,"2억 5,000",82,59,110동,http://land.mk.co.kr/rd/rd.php?UID=2235664982
e편한세상스마일시티,아파트,매매,17/20,"2억 4,000",73,51,101동,http://land.mk.co.kr/rd/rd.php?UID=2235482321
e편한세상스마일시티,아파트,전세,17/20,"1억 9,500",73,51,101동,http://land.mk.co.kr/rd/rd.php?UID=2235506648
e편한세상스마일시티,아파트,전세,20/25,"2억 5,000",97A,72,108동,http://land.mk.co.kr/rd/rd.php?UID=2235502328
e편한세상스마일시티,아파트,전세,19/25,"2억 3,000",82,59,110동,http://land.mk.co.kr/rd/rd.php?UID=2235262643
e편한세상스마일시티,아파트,전세,16/25,"2억 3,000",82,59,110동,http://land.mk.co.kr/rd/rd.php?UID=2235665369
e편한세상스마일시티,아파트,매매,14/23,"3억 8,000",97A,72,103동,http://land.mk.co.kr/rd/rd.php?UID=2235143065
e편한세상스마일시티,아파트,매매,1/25,"2억 1,000",82,59,102동,http://land.mk.co.kr/rd/rd.php?UID=2235262237
e편한세상스마일시티,아파트,전세,1/20,"1억 7,000",73,51,101동,http://land.mk.co.kr/rd/rd.php?UID=2234905075
e편한세상스마일시티,아파트,전세,4/21,"2억 8,000",110B,84,104동,http://land.mk.co.kr/rd/rd.php?UID=2234938650
e편한세상스마일시티,아파트,매매,4/25,"2억 7,500",82,59,111동,http://land.mk.co.kr/rd/rd.php?UID=2234790527
e편한세상스마일시티,아파트,전세,1/25,2억,82,59,102동,http://land.mk.co.kr/rd/rd.php?UID=2234781763
e편한세상스마일시티,아파트,월세,13/25,"2,000",82,59,110동,http://land.mk.co.kr/rd/rd.php?UID=2235123289
e편한세상스마일시티,아파트,월세,13/17,"1억 4,000",73,51,112동,http://land.mk.co.kr/rd/rd.php?UID=2235241535
e편한세상스마일시티,아파트,매매,24/25,"3억 3,000",97A,72,108동,http://land.mk.co.kr/rd/rd.php?UID=2234789562
e편한세상스마일시티,아파트,전세,19/25,"2억 1,000",82,59,102동,http://land.mk.co.kr/rd/rd.php?UID=2235246394
e편한세상스마일시티,아파트,전세,5/26,"2억 8,000",97A,72,106동,http://land.mk.co.kr/rd/rd.php?UID=2235216011
e편한세상스마일시티,아파트,매매,13/17,"2억 3,500",73,51,112동,http://land.mk.co.kr/rd/rd.php?UID=2235226255
e편한세상스마일시티,아파트,매매,10/25,"2억 5,000",82,59,110동,http://land.mk.co.kr/rd/rd.php?UID=2235212631
e편한세상스마일시티,아파트,매매,1/21,"3억 5,000",110A,84,104동,http://land.mk.co.kr/rd/rd.php?UID=2235040958
e편한세상스마일시티,아파트,전세,중/17,2억,73,51,112동,http://land.mk.co.kr/rd/rd.php?UID=2235732946
e편한세상스마일시티,아파트,매매,고/21,"3억 7,500",110B,84,107동,http://land.mk.co.kr/rd/rd.php?UID=2235300953
e편한세상스마일시티,아파트,매매,25/26,"3억 3,000",97A,72,106동,http://land.mk.co.kr/rd/rd.php?UID=2234236917
e편한세상스마일시티,아파트,매매,3/21,"3억 7,500",110A,84,104동,http://land.mk.co.kr/rd/rd.php?UID=2234933122
e편한세상스마일시티,아파트,매매,17/22,"3억 6,000",110B,84,105동,http://land.mk.co.kr/rd/rd.php?UID=2234317703
e편한세상스마일시티,아파트,매매,22/25,"2억 5,000",82,59,110동,http://land.mk.co.kr/rd/rd.php?UID=2234455440
e편한세상스마일시티,아파트,전세,3/21,"3억 1,000",110A,84,104동,http://land.mk.co.kr/rd/rd.php?UID=2234933083
e편한세상스마일시티,아파트,월세,고/23,"1,500",97B,72,103동,http://land.mk.co.kr/rd/rd.php?UID=2235798430
e편한세상스마일시티,아파트,전세,고/23,"2억 2,000",97B,72,103동,http://land.mk.co.kr/rd/rd.php?UID=2235798060
e편한세상스마일시티,아파트,매매,4/25,"2억 4,000",82,59,111동,http://land.mk.co.kr/rd/rd.php?UID=2234722010
e편한세상스마일시티,아파트,매매,10/21,"3억 4,000",110A,84,104동,http://land.mk.co.kr/rd/rd.php?UID=2234736103
e편한세상스마일시티,아파트,매매,18/25,"2억 7,500",82,59,102동,http://land.mk.co.kr/rd/rd.php?UID=2234913141
e편한세상스마일시티,아파트,매매,6/25,"3억 1,000",97B,72,108동,http://land.mk.co.kr/rd/rd.php?UID=2234237169
e편한세상스마일시티,아파트,매매,10/21,"3억 5,000",110A,84,104동,http://land.mk.co.kr/rd/rd.php?UID=2234736126
e편한세상스마일시티,아파트,전세,14/20,2억,73,51,109동,http://land.mk.co.kr/rd/rd.php?UID=2234744363
e편한세상스마일시티,아파트,전세,고/17,"1억 9,500",73,51,112동,http://land.mk.co.kr/rd/rd.php?UID=2235534458
e편한세상스마일시티,아파트,매매,고/20,"2억 6,000",73,51,101동,http://land.mk.co.kr/rd/rd.php?UID=2235138329
e편한세상스마일시티,아파트,매매,고/22,"3억 5,000",110B,84,105동,http://land.mk.co.kr/rd/rd.php?UID=2235508853
e편한세상스마일시티,아파트,매매,저/21,"3억 8,000",110B,84,107동,http://land.mk.co.kr/rd/rd.php?UID=2235138679
e편한세상스마일시티,아파트,매매,5/23,"2억 8,500",97A,72,103동,http://land.mk.co.kr/rd/rd.php?UID=2234244886
e편한세상스마일시티,아파트,전세,4/25,"2억 3,000",82,59,111동,http://land.mk.co.kr/rd/rd.php?UID=2234334625
e편한세상스마일시티,아파트,매매,1/20,2억,73,51,101동,http://land.mk.co.kr/rd/rd.php?UID=2234567565
e편한세상스마일시티,아파트,월세,고/20,"1,000",73,51,101동,http://land.mk.co.kr/rd/rd.php?UID=2235312630
e편한세상스마일시티,아파트,매매,저/20,"2억 3,000",73,51,109동,http://land.mk.co.kr/rd/rd.php?UID=2234794727
e편한세상스마일시티,아파트,전세,고/20,"1억 9,000",73,51,101동,http://land.mk.co.kr/rd/rd.php?UID=2235241812
e편한세상스마일시티,아파트,매매,중/25,"2억 6,000",82,59,111동,http://land.mk.co.kr/rd/rd.php?UID=2235244786
e편한세상스마일시티,아파트,매매,고/20,"2억 2,000",73,51,101동,http://land.mk.co.kr/rd/rd.php?UID=2235241775
e편한세상스마일시티,아파트,매매,21/25,"2억 5,500",82,59,102동,http://land.mk.co.kr/rd/rd.php?UID=2233839748
e편한세상스마일시티,아파트,매매,4/25,"2억 4,500",82,59,102동,http://land.mk.co.kr/rd/rd.php?UID=2234158012
e편한세상스마일시티,아파트,매매,10/26,"3억 1,000",97B,72,106동,http://land.mk.co.kr/rd/rd.php?UID=2234157492
e편한세상스마일시티,아파트,매매,고/21,"3억 5,000",110A,84,104동,http://land.mk.co.kr/rd/rd.php?UID=2235040795
e편한세상스마일시티,아파트,매매,중/21,3억 500,110A,84,104동,http://land.mk.co.kr/rd/rd.php?UID=2234651402
e편한세상스마일시티,아파트,매매,5/26,"3억 3,000",97B,72,106동,http://land.mk.co.kr/rd/rd.php?UID=2233987796
e편한세상스마일시티,아파트,매매,7/25,"3억 1,000",97A,72,108동,http://land.mk.co.kr/rd/rd.php?UID=2233991406
e편한세상스마일시티,아파트,월세,21/25,"2,000",82,59,111동,http://land.mk.co.kr/rd/rd.php?UID=2235476743
e편한세상스마일시티,아파트,전세,저/26,"2억 5,000",97A,72,106동,http://land.mk.co.kr/rd/rd.php?UID=2234933149
e편한세상스마일시티,아파트,매매,고/25,"2억 6,000",82,59,102동,http://land.mk.co.kr/rd/rd.php?UID=2234916361
e편한세상스마일시티,아파트,매매,20/25,"3억 2,000",82,59,111동,http://www.neonet.co.kr/rd/rd.php?UID=2233894760
e편한세상스마일시티,아파트,매매,12/25,"2억 8,000",82,59,111동,http://land.mk.co.kr/rd/rd.php?UID=2233821287
e편한세상스마일시티,아파트,매매,12/21,4억,110B,84,104동,http://land.mk.co.kr/rd/rd.php?UID=2233691310
e편한세상스마일시티,아파트,매매,14/25,"3억 2,000",82,59,111동,http://land.mk.co.kr/rd/rd.php?UID=2233265814
e편한세상스마일시티,아파트,매매,12/26,"3억 8,500",97B,72,106동,http://land.mk.co.kr/rd/rd.php?UID=2233692093
e편한세상스마일시티,아파트,매매,6/21,"3억 4,000",110A,84,104동,http://land.mk.co.kr/rd/rd.php?UID=2233259205
e편한세상스마일시티,아파트,매매,17/21,"4억 2,000",110B,84,107동,http://land.mk.co.kr/rd/rd.php?UID=2233691546
e편한세상스마일시티,아파트,매매,3/21,4억,110A,84,107동,http://land.mk.co.kr/rd/rd.php?UID=2233691907
e편한세상스마일시티,아파트,매매,4/23,"2억 6,000",97A,72,103동,http://land.mk.co.kr/rd/rd.php?UID=2235180241
e편한세상스마일시티,아파트,매매,10/25,"2억 5,500",82,59,102동,http://land.mk.co.kr/rd/rd.php?UID=2235180943
e편한세상스마일시티,아파트,매매,21/25,"3억 1,000",82,59,110동,http://land.mk.co.kr/rd/rd.php?UID=2233394556
e편한세상스마일시티,아파트,전세,9/21,"2억 8,000",110A,84,104동,http://land.mk.co.kr/rd/rd.php?UID=2233540032
e편한세상스마일시티,아파트,매매,9/21,"3억 2,000",110A,84,104동,http://land.mk.co.kr/rd/rd.php?UID=2233540301
e편한세상스마일시티,아파트,매매,중/21,"3억 7,000",110B,84,107동,http://land.mk.co.kr/rd/rd.php?UID=2234305157
e편한세상스마일시티,아파트,전세,중/21,"2억 9,000",110B,84,107동,http://land.mk.co.kr/rd/rd.php?UID=2234347918
e편한세상스마일시티,아파트,매매,6/25,"2억 8,000",82,59,111동,http://land.mk.co.kr/rd/rd.php?UID=2234906694
e편한세상스마일시티,아파트,월세,중/21,"2,000",110B,84,107동,http://land.mk.co.kr/rd/rd.php?UID=2234305033
e편한세상스마일시티,아파트,매매,저/26,"3억 1,000",97A,72,106동,http://land.mk.co.kr/rd/rd.php?UID=2233951364
e편한세상스마일시티,아파트,전세,중/21,"2억 8,000",110A,84,104동,http://land.mk.co.kr/rd/rd.php?UID=2234341932
e편한세상스마일시티,아파트,매매,8/25,3억,82,59,110동,http://land.mk.co.kr/rd/rd.php?UID=2232921245
e편한세상스마일시티,아파트,매매,저/25,"2억 8,000",82,59,111동,http://land.mk.co.kr/rd/rd.php?UID=2234203031
e편한세상스마일시티,아파트,월세,저/23,"2,000",97A,72,103동,http://land.mk.co.kr/rd/rd.php?UID=2234157844
e편한세상스마일시티,아파트,전세,고/25,"2억 5,000",82,59,110동,http://land.mk.co.kr/rd/rd.php?UID=2233851931
e편한세상스마일시티,아파트,전세,10/25,"2억 6,000",97A,72,108동,http://land.mk.co.kr/rd/rd.php?UID=2233130810
e편한세상스마일시티,아파트,매매,16/22,"3억 5,000",110A,84,105동,http://land.mk.co.kr/rd/rd.php?UID=2232504739
e편한세상스마일시티,아파트,매매,13/17,"2억 4,000",73,51,112동,http://land.mk.co.kr/rd/rd.php?UID=2232476221
e편한세상스마일시티,아파트,매매,14/20,"2억 4,000",73,51,109동,http://land.mk.co.kr/rd/rd.php?UID=2232777299
e편한세상스마일시티,아파트,매매,2/25,"2억 5,500",82,59,110동,http://land.mk.co.kr/rd/rd.php?UID=2232654522
e편한세상스마일시티,아파트,매매,7/23,"3억 5,000",97B,72,103동,http://land.mk.co.kr/rd/rd.php?UID=2232255714
e편한세상스마일시티,아파트,전세,고/25,2억,82,59,110동,http://land.mk.co.kr/rd/rd.php?UID=2235116615
e편한세상스마일시티,아파트,매매,14/23,"3억 5,000",97B,72,103동,http://land.mk.co.kr/rd/rd.php?UID=2232652318
e편한세상스마일시티,아파트,매매,21/25,"3억 6,000",97A,72,108동,http://land.mk.co.kr/rd/rd.php?UID=2232164975
e편한세상스마일시티,아파트,전세,17/25,"2억 3,000",82,59,110동,http://land.mk.co.kr/rd/rd.php?UID=2232258777
e편한세상스마일시티,아파트,매매,11/17,"2억 4,000",73,51,112동,http://land.mk.co.kr/rd/rd.php?UID=2233768149
e편한세상스마일시티,아파트,매매,저/26,"2억 9,000",97A,72,106동,http://land.mk.co.kr/rd/rd.php?UID=2234567588
e편한세상스마일시티,아파트,전세,17/17,2억,73,51,112동,http://land.mk.co.kr/rd/rd.php?UID=2232078771
e편한세상스마일시티,아파트,매매,17/23,"3억 3,000",97B,72,103동,http://land.mk.co.kr/rd/rd.php?UID=2232073691
e편한세상스마일시티,아파트,매매,고/25,"2억 5,000",82,59,111동,http://land.mk.co.kr/rd/rd.php?UID=2232505655
e편한세상스마일시티,아파트,전세,20/26,"2억 6,000",97A,72,106동,http://land.mk.co.kr/rd/rd.php?UID=2233348075
e편한세상스마일시티,아파트,매매,14/25,"3억 4,000",97B,72,108동,http://land.mk.co.kr/rd/rd.php?UID=2231351942
e편한세상스마일시티,아파트,매매,고/26,"3억 3,000",97A,72,106동,http://land.mk.co.kr/rd/rd.php?UID=2232577553
e편한세상스마일시티,아파트,매매,6/25,"3억 1,000",97A,72,108동,http://land.mk.co.kr/rd/rd.php?UID=2232921085
e편한세상스마일시티,아파트,전세,20/22,"3억 1,000",110B,84,105동,http://land.mk.co.kr/rd/rd.php?UID=2232010726
e편한세상스마일시티,아파트,매매,중/21,"3억 2,000",110A,84,104동,http://land.mk.co.kr/rd/rd.php?UID=2232694815
e편한세상스마일시티,아파트,전세,중/25,"2억 5,000",97A,72,108동,http://land.mk.co.kr/rd/rd.php?UID=2232676898
e편한세상스마일시티,아파트,월세,고/25,"2,000",82,59,110동,http://land.mk.co.kr/rd/rd.php?UID=2232072158
e편한세상스마일시티,아파트,전세,고/25,2억,82,59,111동,http://land.mk.co.kr/rd/rd.php?UID=2231414449
e편한세상스마일시티,아파트,전세,17/20,2억,73,51,101동,http://www.karhanbang.com/naver_link.asp?UID=2234682507
e편한세상스마일시티,아파트,월세,저/23,"2,000",97A,72,103동,http://www.karhanbang.com/naver_link.asp?UID=2234243038
e편한세상스마일시티,아파트,매매,저/26,"2억 9,000",97A,72,106동,http://www.karhanbang.com/naver_link.asp?UID=2234243081
e편한세상스마일시티2차,아파트,매매,10/26,"2억 9,900",99,74,212동,http://land.mk.co.kr/rd/rd.php?UID=2235674101
e편한세상스마일시티2차,아파트,매매,15/23,"3억 3,000",83,59,205동,http://land.mk.co.kr/rd/rd.php?UID=2235715905
e편한세상스마일시티2차,아파트,매매,23/25,"3억 2,000",99,74,210동,http://land.mk.co.kr/rd/rd.php?UID=2235766025
e편한세상스마일시티2차,아파트,전세,14/25,"2억 8,000",99,74,210동,http://land.mk.co.kr/rd/rd.php?UID=2235265581
e편한세상스마일시티2차,아파트,매매,10/26,"3억 7,000",99,74,212동,http://land.mk.co.kr/rd/rd.php?UID=2235630804
e편한세상스마일시티2차,아파트,매매,14/25,"3억 8,000",99,74,210동,http://land.mk.co.kr/rd/rd.php?UID=2235271126
e편한세상스마일시티2차,아파트,전세,4/26,"2억 3,000",99,74,212동,http://land.mk.co.kr/rd/rd.php?UID=2235648735
e편한세상스마일시티2차,아파트,전세,13/22,2억,83,59,203동,http://land.mk.co.kr/rd/rd.php?UID=2235774389
e편한세상스마일시티2차,아파트,전세,12/26,"2억 8,000",99,74,213동,http://land.mk.co.kr/rd/rd.php?UID=2235270943
e편한세상스마일시티2차,아파트,월세,18/22,"1,000",83,59,214동,http://land.mk.co.kr/rd/rd.php?UID=2235711104
e편한세상스마일시티2차,아파트,매매,18/26,"3억 3,000",99,74,212동,http://land.mk.co.kr/rd/rd.php?UID=2235275484
e편한세상스마일시티2차,아파트,매매,1/22,"2억 3,200",83,59,214동,http://www.neonet.co.kr/rd/rd.php?UID=2235649732
e편한세상스마일시티2차,아파트,매매,20/26,"3억 5,000",99,74,212동,http://land.mk.co.kr/rd/rd.php?UID=2235627742
e편한세상스마일시티2차,아파트,매매,24/25,"3억 5,000",99,74,210동,http://land.mk.co.kr/rd/rd.php?UID=2235631219
e편한세상스마일시티2차,아파트,매매,25/25,4억,99,74,210동,http://land.mk.co.kr/rd/rd.php?UID=2235653316
e편한세상스마일시티2차,아파트,매매,4/25,3억,99,74,210동,http://land.mk.co.kr/rd/rd.php?UID=2235636298
e편한세상스마일시티2차,아파트,매매,17/26,"3억 7,000",99,74,212동,http://land.mk.co.kr/rd/rd.php?UID=2235653585
e편한세상스마일시티2차,아파트,월세,20/26,"2억 5,000",99,74,212동,http://land.mk.co.kr/rd/rd.php?UID=2235630613
e편한세상스마일시티2차,아파트,매매,21/26,"3억 7,000",99,74,212동,http://land.mk.co.kr/rd/rd.php?UID=2235651080
e편한세상스마일시티2차,아파트,매매,13/24,"3억 8,000",99,74,202동,http://land.mk.co.kr/rd/rd.php?UID=2235650848
e편한세상스마일시티2차,아파트,매매,5/26,"3억 2,000",99,74,213동,http://land.mk.co.kr/rd/rd.php?UID=2235568498
e편한세상스마일시티2차,아파트,매매,4/23,"3억 1,000",83,59,205동,http://land.mk.co.kr/rd/rd.php?UID=2235505835
e편한세상스마일시티2차,아파트,매매,2/24,"4억 1,000",110,84,215동,http://land.mk.co.kr/rd/rd.php?UID=2235483204
e편한세상스마일시티2차,아파트,매매,3/26,"3억 2,000",99,74,213동,http://land.mk.co.kr/rd/rd.php?UID=2235482987
e편한세상스마일시티2차,아파트,매매,16/25,"3억 7,000",99,74,210동,http://land.mk.co.kr/rd/rd.php?UID=2235469175
e편한세상스마일시티2차,아파트,매매,16/21,"4억 5,000",110,84,208동,http://land.mk.co.kr/rd/rd.php?UID=2235505758
e편한세상스마일시티2차,아파트,매매,21/21,"3억 8,000",110,84,208동,http://land.mk.co.kr/rd/rd.php?UID=2235300035
e편한세상스마일시티2차,아파트,매매,3/18,"2억 3,700",74,51,207동,http://land.mk.co.kr/rd/rd.php?UID=2235369470
e편한세상스마일시티2차,아파트,매매,3/24,"4억 1,500",110,84,215동,http://land.mk.co.kr/rd/rd.php?UID=2235477410
e편한세상스마일시티2차,아파트,매매,16/23,"2억 9,000",83,59,205동,http://land.mk.co.kr/rd/rd.php?UID=2235481780
e편한세상스마일시티2차,아파트,매매,11/20,"3억 1,000",83,59,201동,http://land.mk.co.kr/rd/rd.php?UID=2235477664
e편한세상스마일시티2차,아파트,매매,18/23,"2억 5,500",83,59,205동,http://land.mk.co.kr/rd/rd.php?UID=2235484277
e편한세상스마일시티2차,아파트,매매,8/22,"2억 7,000",83,59,203동,http://land.mk.co.kr/rd/rd.php?UID=2235266034
e편한세상스마일시티2차,아파트,매매,5/17,"2억 3,500",74,51,211동,http://land.mk.co.kr/rd/rd.php?UID=2235261893
e편한세상스마일시티2차,아파트,전세,13/22,"1억 9,000",83,59,214동,http://land.mk.co.kr/rd/rd.php?UID=2235240443
e편한세상스마일시티2차,아파트,매매,9/23,"2억 5,500",83,59,205동,http://land.mk.co.kr/rd/rd.php?UID=2235190445
e편한세상스마일시티2차,아파트,매매,9/23,"2억 5,000",83,59,204동,http://land.mk.co.kr/rd/rd.php?UID=2235242329
e편한세상스마일시티2차,아파트,매매,7/23,"3억 1,500",83,59,205동,http://land.mk.co.kr/rd/rd.php?UID=2234903838
e편한세상스마일시티2차,아파트,매매,22/24,"3억 3,000",99,74,202동,http://land.mk.co.kr/rd/rd.php?UID=2234824973
e편한세상스마일시티2차,아파트,매매,13/22,"2억 7,000",83,59,203동,http://land.mk.co.kr/rd/rd.php?UID=2235082031
e편한세상스마일시티2차,아파트,매매,2/21,4억,110,84,208동,http://land.mk.co.kr/rd/rd.php?UID=2234603717
e편한세상스마일시티2차,아파트,매매,2/26,"3억 3,000",99,74,213동,http://land.mk.co.kr/rd/rd.php?UID=2235077654
e편한세상스마일시티2차,아파트,매매,1/26,"3억 2,500",99,74,212동,http://land.mk.co.kr/rd/rd.php?UID=2235068488
e편한세상스마일시티2차,아파트,월세,중/20,"1,000",83,59,201동,http://land.mk.co.kr/rd/rd.php?UID=2235711923
e편한세상스마일시티2차,아파트,월세,중/24,"1,500",99,74,202동,http://land.mk.co.kr/rd/rd.php?UID=2235711417
e편한세상스마일시티2차,아파트,매매,21/25,"2억 5,800",83,59,209동,http://land.mk.co.kr/rd/rd.php?UID=2234420481
e편한세상스마일시티2차,아파트,매매,17/23,3억,83,59,205동,http://land.mk.co.kr/rd/rd.php?UID=2234235468
e편한세상스마일시티2차,아파트,월세,저/17,"1,000",74,51,211동,http://land.mk.co.kr/rd/rd.php?UID=2235686968
e편한세상스마일시티2차,아파트,전세,15/23,"2억 3,000",83,59,204동,http://land.mk.co.kr/rd/rd.php?UID=2234617604
e편한세상스마일시티2차,아파트,매매,13/17,"2억 5,500",74,51,211동,http://land.mk.co.kr/rd/rd.php?UID=2234701063
e편한세상스마일시티2차,아파트,매매,17/22,3억,83,59,203동,http://land.mk.co.kr/rd/rd.php?UID=2234689651
e편한세상스마일시티2차,아파트,전세,15/23,"2억 2,000",83,59,205동,http://land.mk.co.kr/rd/rd.php?UID=2234693442
e편한세상스마일시티2차,아파트,매매,8/23,"2억 8,000",83,59,204동,http://land.mk.co.kr/rd/rd.php?UID=2234701869
e편한세상스마일시티2차,아파트,매매,12/20,"2억 6,000",83,59,201동,http://land.mk.co.kr/rd/rd.php?UID=2234933044
e편한세상스마일시티2차,아파트,매매,10/18,"2억 3,500",74,51,207동,http://land.mk.co.kr/rd/rd.php?UID=2234692912
e편한세상스마일시티2차,아파트,매매,21/24,"4억 1,000",110,84,215동,http://land.mk.co.kr/rd/rd.php?UID=2234687005
e편한세상스마일시티2차,아파트,매매,6/24,"3억 6,000",99,74,202동,http://land.mk.co.kr/rd/rd.php?UID=2234735226
e편한세상스마일시티2차,아파트,매매,18/25,"3억 1,000",83,59,209동,http://land.mk.co.kr/rd/rd.php?UID=2234701637
e편한세상스마일시티2차,아파트,전세,6/22,"2억 5,000",83,59,214동,http://land.mk.co.kr/rd/rd.php?UID=2234459844
e편한세상스마일시티2차,아파트,매매,20/26,"3억 5,000",99,74,212동,http://land.mk.co.kr/rd/rd.php?UID=2234457824
e편한세상스마일시티2차,아파트,매매,9/20,3억,83,59,201동,http://land.mk.co.kr/rd/rd.php?UID=2234236175
e편한세상스마일시티2차,아파트,매매,9/21,4억,110,84,208동,http://land.mk.co.kr/rd/rd.php?UID=2234343542
e편한세상스마일시티2차,아파트,매매,1/25,"3억 8,000",99,74,210동,http://land.mk.co.kr/rd/rd.php?UID=2234235975
e편한세상스마일시티2차,아파트,매매,6/25,"2억 7,500",83,59,209동,http://land.mk.co.kr/rd/rd.php?UID=2234235934
e편한세상스마일시티2차,아파트,월세,19/25,"8,000",83,59,209동,http://land.mk.co.kr/rd/rd.php?UID=2235658970
e편한세상스마일시티2차,아파트,매매,18/24,"3억 2,000",99,74,202동,http://land.mk.co.kr/rd/rd.php?UID=2234202649
e편한세상스마일시티2차,아파트,매매,4/23,"2억 6,000",83,59,205동,http://land.mk.co.kr/rd/rd.php?UID=2234129427
e편한세상스마일시티2차,아파트,전세,11/23,"2억 2,000",83,59,204동,http://land.mk.co.kr/rd/rd.php?UID=2235503699
e편한세상스마일시티2차,아파트,전세,19/25,"1억 8,000",83,59,209동,http://www.serve.co.kr/naver/rd.asp?UID=2235631771
e편한세상스마일시티2차,아파트,매매,5/20,"3억 1,500",83,59,201동,http://land.mk.co.kr/rd/rd.php?UID=2235271864
e편한세상스마일시티2차,아파트,매매,고/26,"3억 1,000",99,74,213동,http://land.mk.co.kr/rd/rd.php?UID=2235042575
e편한세상스마일시티2차,아파트,전세,16/24,"2억 3,000",83,59,206동,http://land.mk.co.kr/rd/rd.php?UID=2234061063
e편한세상스마일시티2차,아파트,매매,19/22,3억,83,59,203동,http://land.mk.co.kr/rd/rd.php?UID=2233986327
e편한세상스마일시티2차,아파트,매매,중/24,"3억 3,000",99,74,202동,http://land.mk.co.kr/rd/rd.php?UID=2234235395
e편한세상스마일시티2차,아파트,매매,26/26,"3억 3,000",99,74,213동,http://land.mk.co.kr/rd/rd.php?UID=2233883241
e편한세상스마일시티2차,아파트,매매,12/26,3억 500,99,74,212동,http://land.mk.co.kr/rd/rd.php?UID=2233512999
e편한세상스마일시티2차,아파트,전세,3/26,"2억 3,000",99,74,213동,http://land.mk.co.kr/rd/rd.php?UID=2233858503
e편한세상스마일시티2차,아파트,매매,19/21,"3억 8,000",110,84,208동,http://land.mk.co.kr/rd/rd.php?UID=2233719513
e편한세상스마일시티2차,아파트,매매,5/22,"2억 7,500",83,59,203동,http://land.mk.co.kr/rd/rd.php?UID=2233693034
e편한세상스마일시티2차,아파트,매매,20/25,"3억 3,000",83,59,209동,http://land.mk.co.kr/rd/rd.php?UID=2233692621
e편한세상스마일시티2차,아파트,매매,2/25,"3억 5,000",99,74,210동,http://land.mk.co.kr/rd/rd.php?UID=2233681296
e편한세상스마일시티2차,아파트,매매,4/24,"2억 6,000",83,59,206동,http://land.mk.co.kr/rd/rd.php?UID=2233141864
e편한세상스마일시티2차,아파트,매매,20/24,"3억 9,000",99,74,202동,http://land.mk.co.kr/rd/rd.php?UID=2233197679
e편한세상스마일시티2차,아파트,매매,10/24,"2억 9,500",83,59,206동,http://land.mk.co.kr/rd/rd.php?UID=2233395122
e편한세상스마일시티2차,아파트,매매,26/26,"3억 2,500",99,74,212동,http://land.mk.co.kr/rd/rd.php?UID=2233373388
e편한세상스마일시티2차,아파트,매매,9/26,"3억 3,000",99,74,212동,http://land.mk.co.kr/rd/rd.php?UID=2233375349
e편한세상스마일시티2차,아파트,전세,6/17,2억,74,51,211동,http://www.serve.co.kr/naver/rd.asp?UID=2235007691
e편한세상스마일시티2차,아파트,월세,9/25,"2,000",83,59,209동,http://land.mk.co.kr/rd/rd.php?UID=2233324919
e편한세상스마일시티2차,아파트,전세,15/25,"2억 7,000",99,74,210동,http://land.mk.co.kr/rd/rd.php?UID=2233197475
e편한세상스마일시티2차,아파트,월세,고/22,"2,000",83,59,214동,http://land.mk.co.kr/rd/rd.php?UID=2235682796
e편한세상스마일시티2차,아파트,전세,21/26,"2억 5,000",99,74,213동,http://land.mk.co.kr/rd/rd.php?UID=2234813590
e편한세상스마일시티2차,아파트,매매,16/21,"4억 5,000",110,84,208동,http://land.mk.co.kr/rd/rd.php?UID=2233139421
e편한세상스마일시티2차,아파트,매매,15/20,"3억 2,000",83,59,201동,http://land.mk.co.kr/rd/rd.php?UID=2233137894
e편한세상스마일시티2차,아파트,전세,23/24,"2억 3,000",83,59,206동,http://land.mk.co.kr/rd/rd.php?UID=2234431995
e편한세상스마일시티2차,아파트,매매,7/22,"2억 8,000",83,59,203동,http://land.mk.co.kr/rd/rd.php?UID=2234235173
e편한세상스마일시티2차,아파트,매매,24/24,"3억 8,000",99,74,202동,http://land.mk.co.kr/rd/rd.php?UID=2234235634
e편한세상스마일시티2차,아파트,매매,24/26,"3억 8,500",99,74,213동,http://land.mk.co.kr/rd/rd.php?UID=2234235299
e편한세상스마일시티2차,아파트,매매,8/21,"4억 3,000",110,84,208동,http://land.mk.co.kr/rd/rd.php?UID=2233033486
e편한세상스마일시티2차,아파트,전세,7/22,"2억 1,500",83,59,214동,http://land.mk.co.kr/rd/rd.php?UID=2232492354
e편한세상스마일시티2차,아파트,매매,15/23,"2억 7,000",83,59,204동,http://land.mk.co.kr/rd/rd.php?UID=2232537005
e편한세상스마일시티2차,아파트,전세,23/25,"2억 8,000",99,74,210동,http://land.mk.co.kr/rd/rd.php?UID=2234363707
e편한세상스마일시티2차,아파트,전세,3/25,"2억 3,000",83,59,209동,http://land.mk.co.kr/rd/rd.php?UID=2232816075
e편한세상스마일시티2차,아파트,매매,7/23,"2억 7,000",83,59,205동,http://land.mk.co.kr/rd/rd.php?UID=2232776324
e편한세상스마일시티2차,아파트,매매,7/18,"2억 6,500",74,51,207동,http://land.mk.co.kr/rd/rd.php?UID=2232829990
e편한세상스마일시티2차,아파트,매매,5/24,"4억 2,000",110,84,215동,http://land.mk.co.kr/rd/rd.php?UID=2232493670
e편한세상스마일시티2차,아파트,매매,13/22,"2억 8,000",83,59,203동,http://land.mk.co.kr/rd/rd.php?UID=2232828902
e편한세상스마일시티2차,아파트,매매,6/18,"2억 4,000",74,51,207동,http://land.mk.co.kr/rd/rd.php?UID=2232435099
e편한세상스마일시티2차,아파트,매매,7/24,"3억 1,000",83,59,206동,http://land.mk.co.kr/rd/rd.php?UID=2232828378
e편한세상스마일시티2차,아파트,전세,10/26,"2억 8,000",99,74,212동,http://land.mk.co.kr/rd/rd.php?UID=2232505829
e편한세상스마일시티2차,아파트,전세,10/18,"2억 2,000",74,51,207동,http://land.mk.co.kr/rd/rd.php?UID=2232828645
e편한세상스마일시티2차,아파트,월세,저/26,"2,000",99,74,213동,http://land.mk.co.kr/rd/rd.php?UID=2235208948
e편한세상스마일시티2차,아파트,매매,17/21,"4억 5,000",110,84,208동,http://land.mk.co.kr/rd/rd.php?UID=2232468704
e편한세상스마일시티2차,아파트,전세,고/24,"2억 2,000",83,59,206동,http://land.mk.co.kr/rd/rd.php?UID=2235203173
e편한세상스마일시티2차,아파트,매매,4/24,"4억 1,000",110,84,215동,http://land.mk.co.kr/rd/rd.php?UID=2232497537
e편한세상스마일시티2차,아파트,매매,13/23,"3억 1,000",83,59,205동,http://land.mk.co.kr/rd/rd.php?UID=2232323974
e편한세상스마일시티2차,아파트,매매,4/21,"4억 4,000",110,84,208동,http://land.mk.co.kr/rd/rd.php?UID=2232341163
e편한세상스마일시티2차,아파트,매매,18/26,"3억 2,000",99,74,213동,http://land.mk.co.kr/rd/rd.php?UID=2232343599
e편한세상스마일시티2차,아파트,매매,11/24,"3억 2,000",99,74,202동,http://land.mk.co.kr/rd/rd.php?UID=2232533709
e편한세상스마일시티2차,아파트,매매,21/22,"2억 8,000",83,59,214동,http://land.mk.co.kr/rd/rd.php?UID=2233787041
e편한세상스마일시티2차,아파트,전세,저/26,"2억 7,000",99,74,213동,http://land.mk.co.kr/rd/rd.php?UID=2234589998
e편한세상스마일시티2차,아파트,매매,3/25,"2억 9,000",83,59,209동,http://land.mk.co.kr/rd/rd.php?UID=2232164334
e편한세상스마일시티2차,아파트,월세,고/22,"1,000",83,59,214동,http://land.mk.co.kr/rd/rd.php?UID=2234648552
e편한세상스마일시티2차,아파트,매매,1/25,3억,83,59,209동,http://land.mk.co.kr/rd/rd.php?UID=2232069668
e편한세상스마일시티2차,아파트,매매,14/25,"3억 7,000",99,74,210동,http://land.mk.co.kr/rd/rd.php?UID=2232069122
e편한세상스마일시티2차,아파트,매매,7/25,"3억 5,000",99,74,210동,http://land.mk.co.kr/rd/rd.php?UID=2233485859
e편한세상스마일시티2차,아파트,매매,21/22,"2억 8,000",83,59,203동,http://land.mk.co.kr/rd/rd.php?UID=2231321215
e편한세상스마일시티2차,아파트,전세,저/22,"2억 2,500",83,59,214동,https://realestate.hankyung.com/naver-listing?UID=2233805422
e편한세상스마일시티2차,아파트,매매,저/26,"3억 5,000",99,74,212동,http://land.mk.co.kr/rd/rd.php?UID=2232718383
e편한세상스마일시티2차,아파트,매매,23/24,"2억 8,000",83,59,206동,http://land.mk.co.kr/rd/rd.php?UID=2231536676
e편한세상스마일시티2차,아파트,매매,8/24,"2억 7,000",83,59,206동,http://land.mk.co.kr/rd/rd.php?UID=2231330419
e편한세상스마일시티2차,아파트,매매,19/25,"1억 8,000",83,59,209동,http://www.karhanbang.com/naver_link.asp?UID=2235680787
e편한세상스마일시티2차,아파트,전세,23/24,"2억 3,000",83,59,206동,http://www.karhanbang.com/naver_link.asp?UID=2234574798
e편한세상스마일시티2차,아파트,매매,3/25,"2억 9,000",83,59,209동,http://www.karhanbang.com/naver_link.asp?UID=2234514445
e편한세상스마일시티2차,아파트,매매,13/22,"2억 8,000",83,59,203동,http://www.karhanbang.com/naver_link.asp?UID=2232336485
천안스마일시티효성해링턴플레이스,아파트,전세,5/20,"2억 4,000",99,74,103동,http://land.mk.co.kr/rd/rd.php?UID=2235768062
천안스마일시티효성해링턴플레이스,아파트,전세,13/25,"2억 5,000",99,74,106동,http://land.mk.co.kr/rd/rd.php?UID=2235775422
천안스마일시티효성해링턴플레이스,아파트,매매,1/22,"2억 4,000",74,51,104동,http://land.mk.co.kr/rd/rd.php?UID=2235273366
천안스마일시티효성해링턴플레이스,아파트,매매,20/20,"3억 5,000",99,74,103동,http://land.mk.co.kr/rd/rd.php?UID=2235348991
천안스마일시티효성해링턴플레이스,아파트,매매,22/25,"3억 1,000",99,74,106동,http://land.mk.co.kr/rd/rd.php?UID=2235777044
천안스마일시티효성해링턴플레이스,아파트,전세,5/23,"2억 3,000",82,59,114동,http://land.mk.co.kr/rd/rd.php?UID=2235699949
천안스마일시티효성해링턴플레이스,아파트,매매,19/21,"2억 7,000",82,59,105동,http://land.mk.co.kr/rd/rd.php?UID=2235799947
천안스마일시티효성해링턴플레이스,아파트,매매,16/24,"2억 7,500",82,59,111동,http://land.mk.co.kr/rd/rd.php?UID=2235801043
천안스마일시티효성해링턴플레이스,아파트,매매,19/22,"2억 2,000",74,51,104동,http://land.mk.co.kr/rd/rd.php?UID=2235462633
천안스마일시티효성해링턴플레이스,아파트,매매,22/24,"2억 6,500",82,59,111동,http://land.mk.co.kr/rd/rd.php?UID=2235581630
천안스마일시티효성해링턴플레이스,아파트,매매,24/25,"3억 3,000",99,74,106동,http://land.mk.co.kr/rd/rd.php?UID=2235384892
천안스마일시티효성해링턴플레이스,아파트,매매,15/23,"3억 3,000",99,74,110동,http://land.mk.co.kr/rd/rd.php?UID=2235468707
천안스마일시티효성해링턴플레이스,아파트,매매,5/23,"2억 7,000",82,59,114동,http://land.mk.co.kr/rd/rd.php?UID=2235699614
천안스마일시티효성해링턴플레이스,아파트,매매,18/23,"2억 3,500",74,51,115동,http://land.mk.co.kr/rd/rd.php?UID=2235422607
천안스마일시티효성해링턴플레이스,아파트,매매,16/20,"3억 4,500",99,74,103동,http://land.mk.co.kr/rd/rd.php?UID=2235652001
천안스마일시티효성해링턴플레이스,아파트,매매,8/23,"3억 1,000",99,74,110동,http://land.mk.co.kr/rd/rd.php?UID=2235801280
천안스마일시티효성해링턴플레이스,아파트,매매,20/23,"2억 7,000",82,59,114동,http://land.mk.co.kr/rd/rd.php?UID=2235809485
천안스마일시티효성해링턴플레이스,아파트,매매,15/20,4억,109,84,101동,http://land.mk.co.kr/rd/rd.php?UID=2235469821
천안스마일시티효성해링턴플레이스,아파트,매매,8/23,"2억 7,500",82,59,114동,http://land.mk.co.kr/rd/rd.php?UID=2235656825
천안스마일시티효성해링턴플레이스,아파트,매매,7/21,"2억 5,000",74,51,112동,http://land.mk.co.kr/rd/rd.php?UID=2235652481
천안스마일시티효성해링턴플레이스,아파트,전세,6/22,2억,74,51,104동,http://land.mk.co.kr/rd/rd.php?UID=2235307607
천안스마일시티효성해링턴플레이스,아파트,매매,15/24,"2억 8,500",82,59,108동,http://land.mk.co.kr/rd/rd.php?UID=2235504129
천안스마일시티효성해링턴플레이스,아파트,매매,21/24,"2억 7,000",82,59,111동,http://land.mk.co.kr/rd/rd.php?UID=2235506487
천안스마일시티효성해링턴플레이스,아파트,전세,12/19,3억,109,84,102동,http://land.mk.co.kr/rd/rd.php?UID=2235464645
천안스마일시티효성해링턴플레이스,아파트,매매,5/20,"3억 2,000",99,74,103동,http://land.mk.co.kr/rd/rd.php?UID=2235438299
천안스마일시티효성해링턴플레이스,아파트,매매,23/26,"2억 6,000",74,51,107동,http://land.mk.co.kr/rd/rd.php?UID=2235505967
천안스마일시티효성해링턴플레이스,아파트,매매,11/23,"2억 6,500",74,51,115동,http://land.mk.co.kr/rd/rd.php?UID=2235506079
천안스마일시티효성해링턴플레이스,아파트,매매,9/23,"3억 2,500",99,74,110동,http://land.mk.co.kr/rd/rd.php?UID=2235275016
천안스마일시티효성해링턴플레이스,아파트,전세,19/22,2억,74,51,104동,http://land.mk.co.kr/rd/rd.php?UID=2235291174
천안스마일시티효성해링턴플레이스,아파트,전세,19/23,"2억 7,000",99,74,110동,http://land.mk.co.kr/rd/rd.php?UID=2235265797
천안스마일시티효성해링턴플레이스,아파트,매매,9/21,"2억 3,000",74,51,112동,http://land.mk.co.kr/rd/rd.php?UID=2235316618
천안스마일시티효성해링턴플레이스,아파트,전세,5/22,"1억 9,000",74,51,104동,http://land.mk.co.kr/rd/rd.php?UID=2235313954
천안스마일시티효성해링턴플레이스,아파트,전세,22/22,"2억 6,000",109,84,113동,http://land.mk.co.kr/rd/rd.php?UID=2235197913
천안스마일시티효성해링턴플레이스,아파트,매매,2/25,4억,99,74,109동,http://land.mk.co.kr/rd/rd.php?UID=2234899220
천안스마일시티효성해링턴플레이스,아파트,매매,7/23,"2억 2,500",74,51,115동,http://land.mk.co.kr/rd/rd.php?UID=2235328880
천안스마일시티효성해링턴플레이스,아파트,매매,21/22,"2억 2,000",74,51,104동,http://land.mk.co.kr/rd/rd.php?UID=2235326591
천안스마일시티효성해링턴플레이스,아파트,매매,17/26,"2억 5,000",74,51,107동,http://land.mk.co.kr/rd/rd.php?UID=2234898558
천안스마일시티효성해링턴플레이스,아파트,매매,5/22,"2억 1,000",74,51,104동,http://land.mk.co.kr/rd/rd.php?UID=2235228245
천안스마일시티효성해링턴플레이스,아파트,매매,14/20,"3억 7,000",99,74,103동,http://land.mk.co.kr/rd/rd.php?UID=2234888086
천안스마일시티효성해링턴플레이스,아파트,매매,19/20,"4억 1,000",109,84,101동,http://land.mk.co.kr/rd/rd.php?UID=2235199310
천안스마일시티효성해링턴플레이스,아파트,전세,8/22,"1억 9,500",74,51,104동,http://land.mk.co.kr/rd/rd.php?UID=2235176181
천안스마일시티효성해링턴플레이스,아파트,매매,8/21,3억,82,59,105동,http://land.mk.co.kr/rd/rd.php?UID=2234596545
천안스마일시티효성해링턴플레이스,아파트,매매,8/22,"2억 2,000",74,51,104동,http://land.mk.co.kr/rd/rd.php?UID=2235177942
천안스마일시티효성해링턴플레이스,아파트,전세,20/25,"2억 8,000",99,74,106동,http://land.mk.co.kr/rd/rd.php?UID=2234298324
천안스마일시티효성해링턴플레이스,아파트,매매,20/20,"3억 1,000",99,74,103동,http://land.mk.co.kr/rd/rd.php?UID=2234475809
천안스마일시티효성해링턴플레이스,아파트,매매,19/24,"2억 9,000",82,59,108동,http://land.mk.co.kr/rd/rd.php?UID=2234414429
천안스마일시티효성해링턴플레이스,아파트,매매,23/24,"3억 1,000",82,59,108동,http://land.mk.co.kr/rd/rd.php?UID=2234415194
천안스마일시티효성해링턴플레이스,아파트,전세,중/20,"2억 5,000",99,74,103동,http://land.mk.co.kr/rd/rd.php?UID=2235637504
천안스마일시티효성해링턴플레이스,아파트,월세,중/23,"2,000",82,59,114동,http://land.mk.co.kr/rd/rd.php?UID=2235640067
천안스마일시티효성해링턴플레이스,아파트,매매,중/20,"3억 1,000",99,74,103동,http://land.mk.co.kr/rd/rd.php?UID=2235630184
천안스마일시티효성해링턴플레이스,아파트,매매,5/24,"3억 1,000",82,59,111동,http://land.mk.co.kr/rd/rd.php?UID=2234682934
천안스마일시티효성해링턴플레이스,아파트,매매,25/26,"2억 5,000",74,51,107동,http://land.mk.co.kr/rd/rd.php?UID=2234692120
천안스마일시티효성해링턴플레이스,아파트,매매,1/24,"3억 2,000",82,59,111동,http://land.mk.co.kr/rd/rd.php?UID=2234701419
천안스마일시티효성해링턴플레이스,아파트,매매,9/23,"3억 2,500",99,74,110동,http://land.mk.co.kr/rd/rd.php?UID=2234690040
천안스마일시티효성해링턴플레이스,아파트,매매,13/19,4억,109,84,102동,http://land.mk.co.kr/rd/rd.php?UID=2234235378
천안스마일시티효성해링턴플레이스,아파트,매매,22/22,"3억 8,000",109,84,113동,http://land.mk.co.kr/rd/rd.php?UID=2234334752
천안스마일시티효성해링턴플레이스,아파트,매매,고/19,"3억 9,000",109,84,102동,http://land.mk.co.kr/rd/rd.php?UID=2234792526
천안스마일시티효성해링턴플레이스,아파트,매매,16/22,4억,109,84,113동,http://land.mk.co.kr/rd/rd.php?UID=2233952043
천안스마일시티효성해링턴플레이스,아파트,전세,고/22,3억,109,84,113동,http://land.mk.co.kr/rd/rd.php?UID=2234793834
천안스마일시티효성해링턴플레이스,아파트,매매,20/24,"2억 6,000",82,59,108동,http://land.mk.co.kr/rd/rd.php?UID=2234204222
천안스마일시티효성해링턴플레이스,아파트,매매,17/20,"3억 2,000",99,74,103동,http://land.mk.co.kr/rd/rd.php?UID=2234198799
천안스마일시티효성해링턴플레이스,아파트,매매,7/23,"2억 7,000",82,59,114동,http://land.mk.co.kr/rd/rd.php?UID=2234198405
천안스마일시티효성해링턴플레이스,아파트,매매,14/21,"3억 2,000",82,59,105동,http://land.mk.co.kr/rd/rd.php?UID=2233805033
천안스마일시티효성해링턴플레이스,아파트,매매,6/21,"2억 3,000",74,51,112동,http://land.mk.co.kr/rd/rd.php?UID=2233791070
천안스마일시티효성해링턴플레이스,아파트,매매,중/21,"2억 3,000",74,51,112동,http://land.mk.co.kr/rd/rd.php?UID=2235217375
천안스마일시티효성해링턴플레이스,아파트,매매,4/24,"2억 8,000",82,59,111동,http://land.mk.co.kr/rd/rd.php?UID=2235386740
천안스마일시티효성해링턴플레이스,아파트,매매,6/22,"4억 2,000",109,84,113동,http://land.mk.co.kr/rd/rd.php?UID=2235387631
천안스마일시티효성해링턴플레이스,아파트,매매,15/25,"3억 5,000",99,74,106동,http://land.mk.co.kr/rd/rd.php?UID=2235294273
천안스마일시티효성해링턴플레이스,아파트,매매,12/25,"3억 3,000",99,74,106동,http://land.mk.co.kr/rd/rd.php?UID=2233684572
천안스마일시티효성해링턴플레이스,아파트,전세,2/25,3억 500,99,74,109동,http://land.mk.co.kr/rd/rd.php?UID=2233986854
천안스마일시티효성해링턴플레이스,아파트,매매,9/20,"4억 2,000",109,84,101동,http://land.mk.co.kr/rd/rd.php?UID=2233994347
천안스마일시티효성해링턴플레이스,아파트,매매,고/21,3억,82,59,105동,http://land.mk.co.kr/rd/rd.php?UID=2234476300
천안스마일시티효성해링턴플레이스,아파트,전세,15/24,"2억 6,000",82,59,108동,http://land.mk.co.kr/rd/rd.php?UID=2233569505
천안스마일시티효성해링턴플레이스,아파트,매매,6/24,3억 500,82,59,111동,http://land.mk.co.kr/rd/rd.php?UID=2233692434
천안스마일시티효성해링턴플레이스,아파트,매매,14/22,"2억 4,000",74,51,104동,http://land.mk.co.kr/rd/rd.php?UID=2233692872
천안스마일시티효성해링턴플레이스,아파트,매매,중/24,"2억 7,000",82,59,111동,https://www.r114.com/z/depot/public/ArticleFromNbp.r114?UID=2234710666
천안스마일시티효성해링턴플레이스,아파트,매매,10/26,"2억 4,000",74,51,107동,http://land.mk.co.kr/rd/rd.php?UID=2233376592
천안스마일시티효성해링턴플레이스,아파트,매매,6/21,3억,82,59,105동,http://land.mk.co.kr/rd/rd.php?UID=2233155129
천안스마일시티효성해링턴플레이스,아파트,매매,3/23,3억,82,59,114동,http://land.mk.co.kr/rd/rd.php?UID=2233377049
천안스마일시티효성해링턴플레이스,아파트,매매,22/22,"2억 4,000",74,51,104동,http://land.mk.co.kr/rd/rd.php?UID=2233378086
천안스마일시티효성해링턴플레이스,아파트,전세,6/26,2억,74,51,107동,http://land.mk.co.kr/rd/rd.php?UID=2233049878
천안스마일시티효성해링턴플레이스,아파트,매매,13/26,"2억 3,000",74,51,107동,http://land.mk.co.kr/rd/rd.php?UID=2233128872
천안스마일시티효성해링턴플레이스,아파트,매매,11/22,"3억 8,000",109,84,113동,http://land.mk.co.kr/rd/rd.php?UID=2233127978
천안스마일시티효성해링턴플레이스,아파트,매매,4/25,"3억 5,000",99,74,109동,http://land.mk.co.kr/rd/rd.php?UID=2233121405
천안스마일시티효성해링턴플레이스,아파트,매매,9/26,"2억 4,000",74,51,107동,http://land.mk.co.kr/rd/rd.php?UID=2232777161
천안스마일시티효성해링턴플레이스,아파트,매매,8/24,"2억 9,000",82,59,108동,http://land.mk.co.kr/rd/rd.php?UID=2234456237
천안스마일시티효성해링턴플레이스,아파트,매매,19/21,"2억 9,000",82,59,105동,http://land.mk.co.kr/rd/rd.php?UID=2234678100
천안스마일시티효성해링턴플레이스,아파트,매매,고/22,"2억 1,000",74,51,104동,http://land.mk.co.kr/rd/rd.php?UID=2235326177
천안스마일시티효성해링턴플레이스,아파트,매매,21/24,3억,82,59,111동,http://land.mk.co.kr/rd/rd.php?UID=2233030223
천안스마일시티효성해링턴플레이스,아파트,매매,5/23,"2억 5,500",74,51,115동,http://land.mk.co.kr/rd/rd.php?UID=2233033801
천안스마일시티효성해링턴플레이스,아파트,매매,중/21,"2억 2,500",74,51,112동,http://land.mk.co.kr/rd/rd.php?UID=2235290336
천안스마일시티효성해링턴플레이스,아파트,전세,고/22,"1억 8,500",74,51,104동,http://land.mk.co.kr/rd/rd.php?UID=2235325754
천안스마일시티효성해링턴플레이스,아파트,매매,저/24,"2억 8,500",82,59,108동,http://land.mk.co.kr/rd/rd.php?UID=2233264436
천안스마일시티효성해링턴플레이스,아파트,매매,16/24,3억,82,59,108동,http://land.mk.co.kr/rd/rd.php?UID=2232827751
천안스마일시티효성해링턴플레이스,아파트,매매,14/25,"3억 4,000",99,74,106동,http://land.mk.co.kr/rd/rd.php?UID=2232777733
천안스마일시티효성해링턴플레이스,아파트,전세,중/22,"2억 8,000",109,84,113동,http://land.mk.co.kr/rd/rd.php?UID=2233672596
천안스마일시티효성해링턴플레이스,아파트,전세,고/24,"2억 6,000",82,59,108동,http://land.mk.co.kr/rd/rd.php?UID=2233268731
천안스마일시티효성해링턴플레이스,아파트,전세,7/20,3억,109,84,101동,http://land.mk.co.kr/rd/rd.php?UID=2232696366
천안스마일시티효성해링턴플레이스,아파트,매매,16/20,"3억 5,000",99,74,103동,http://land.mk.co.kr/rd/rd.php?UID=2232697499
천안스마일시티효성해링턴플레이스,아파트,매매,4/20,"3억 1,000",99,74,103동,https://www.r114.com/z/depot/public/ArticleFromNbp.r114?UID=2232826449
천안스마일시티효성해링턴플레이스,아파트,매매,18/19,"4억 2,000",109,84,102동,http://land.mk.co.kr/rd/rd.php?UID=2232653427
천안스마일시티효성해링턴플레이스,아파트,매매,18/24,"2억 9,000",82,59,111동,http://land.mk.co.kr/rd/rd.php?UID=2232466016
천안스마일시티효성해링턴플레이스,아파트,매매,6/23,"2억 6,000",74,51,115동,http://land.mk.co.kr/rd/rd.php?UID=2232501661
천안스마일시티효성해링턴플레이스,아파트,매매,13/21,"3억 1,000",82,59,105동,http://land.mk.co.kr/rd/rd.php?UID=2232515581
천안스마일시티효성해링턴플레이스,아파트,매매,12/23,"2억 8,500",82,59,114동,http://land.mk.co.kr/rd/rd.php?UID=2232061602
천안스마일시티효성해링턴플레이스,아파트,매매,15/23,"2억 4,000",74,51,115동,http://land.mk.co.kr/rd/rd.php?UID=2233794258
천안스마일시티효성해링턴플레이스,아파트,매매,20/21,"2억 6,500",74,51,112동,http://land.mk.co.kr/rd/rd.php?UID=2232164232
천안스마일시티효성해링턴플레이스,아파트,매매,6/21,"2억 9,000",82,59,105동,http://land.mk.co.kr/rd/rd.php?UID=2231834795
천안스마일시티효성해링턴플레이스,아파트,전세,중/22,3억,109,84,113동,http://land.mk.co.kr/rd/rd.php?UID=2233127814
천안스마일시티효성해링턴플레이스,아파트,매매,24/24,"3억 2,000",82,59,111동,http://land.mk.co.kr/rd/rd.php?UID=2232065101
천안스마일시티효성해링턴플레이스,아파트,매매,1/22,"4억 6,000",109,84,113동,http://land.mk.co.kr/rd/rd.php?UID=2232070204
천안스마일시티효성해링턴플레이스,아파트,매매,23/24,"2억 8,500",82,59,111동,http://land.mk.co.kr/rd/rd.php?UID=2232056721
천안스마일시티효성해링턴플레이스,아파트,매매,4/23,"2억 9,000",82,59,114동,http://land.mk.co.kr/rd/rd.php?UID=2232067765
천안스마일시티효성해링턴플레이스,아파트,전세,중/22,"1억 8,000",74,51,104동,http://land.mk.co.kr/rd/rd.php?UID=2234718747
천안스마일시티효성해링턴플레이스,아파트,전세,고/21,2억,74,51,112동,http://land.mk.co.kr/rd/rd.php?UID=2234320857
천안스마일시티효성해링턴플레이스,아파트,매매,23/24,"3억 2,000",82,59,111동,http://land.mk.co.kr/rd/rd.php?UID=2232066734
천안스마일시티효성해링턴플레이스,아파트,매매,18/25,"3억 5,000",99,74,106동,http://land.mk.co.kr/rd/rd.php?UID=2232074576
천안스마일시티효성해링턴플레이스,아파트,매매,15/24,"2억 8,000",82,59,108동,http://land.mk.co.kr/rd/rd.php?UID=2231518438
천안스마일시티효성해링턴플레이스,아파트,월세,16/21,"2,000",82,59,105동,http://land.mk.co.kr/rd/rd.php?UID=2233539854
천안스마일시티효성해링턴플레이스,아파트,매매,10/20,"3억 5,000",99,74,103동,http://land.mk.co.kr/rd/rd.php?UID=2231439993
천안스마일시티효성해링턴플레이스,아파트,매매,12/23,"3억 7,000",99,74,110동,http://land.mk.co.kr/rd/rd.php?UID=2231680813
천안스마일시티효성해링턴플레이스,아파트,전세,저/22,"2억 6,000",109,84,113동,http://land.mk.co.kr/rd/rd.php?UID=2234167559
천안스마일시티효성해링턴플레이스,아파트,전세,19/21,"2억 1,000",74,51,112동,http://land.mk.co.kr/rd/rd.php?UID=2232780089
천안스마일시티효성해링턴플레이스,아파트,매매,14/24,3억,82,59,108동,http://land.mk.co.kr/rd/rd.php?UID=2232260225
천안스마일시티효성해링턴플레이스,아파트,매매,9/19,4억,109,84,102동,http://land.mk.co.kr/rd/rd.php?UID=2232106065
천안스마일시티효성해링턴플레이스,아파트,매매,19/21,"2억 2,000",74,51,112동,http://land.mk.co.kr/rd/rd.php?UID=2232011442
천안스마일시티효성해링턴플레이스,아파트,매매,고/22,"2억 5,000",74,51,104동,http://land.mk.co.kr/rd/rd.php?UID=2232451466
천안스마일시티효성해링턴플레이스,아파트,매매,중/25,"3억 8,000",99,74,109동,https://www.r114.com/z/depot/public/ArticleFromNbp.r114?UID=2232269255
천안스마일시티효성해링턴플레이스,아파트,전세,고/24,"2억 2,000",82,59,111동,http://land.mk.co.kr/rd/rd.php?UID=2232009952
천안스마일시티효성해링턴플레이스,아파트,매매,고/21,"2억 5,000",74,51,112동,http://land.mk.co.kr/rd/rd.php?UID=2231263292
천안스마일시티효성해링턴플레이스,아파트,전세,고/22,2억,74,51,104동,http://www.karhanbang.com/naver_link.asp?UID=2234243062
천안한화꿈에그린스마일시티,아파트,매매,14/24,"2억 9,000",110,84,110동,http://land.mk.co.kr/rd/rd.php?UID=2235604870
천안한화꿈에그린스마일시티,아파트,전세,16/24,"2억 4,000",110,84,104동,http://land.mk.co.kr/rd/rd.php?UID=2235780517
천안한화꿈에그린스마일시티,아파트,전세,14/24,2억,110,84,110동,http://land.mk.co.kr/rd/rd.php?UID=2235605020
천안한화꿈에그린스마일시티,아파트,매매,9/22,"2억 6,000",98,74,107동,http://land.mk.co.kr/rd/rd.php?UID=2235598586
천안한화꿈에그린스마일시티,아파트,매매,8/22,"2억 5,500",98,74,109동,http://land.mk.co.kr/rd/rd.php?UID=2235606231
천안한화꿈에그린스마일시티,아파트,전세,19/22,"2억 6,000",110,84,103동,http://land.mk.co.kr/rd/rd.php?UID=2235294330
천안한화꿈에그린스마일시티,아파트,매매,14/22,"2억 9,000",110,84,102동,http://land.mk.co.kr/rd/rd.php?UID=2235468203
천안한화꿈에그린스마일시티,아파트,매매,13/22,3억,110,84,102동,http://land.mk.co.kr/rd/rd.php?UID=2235469647
천안한화꿈에그린스마일시티,아파트,월세,9/24,"3,000",110,84,106동,http://land.mk.co.kr/rd/rd.php?UID=2235292723
천안한화꿈에그린스마일시티,아파트,매매,9/24,"3억 5,000",110,84,106동,http://land.mk.co.kr/rd/rd.php?UID=2235292927
천안한화꿈에그린스마일시티,아파트,전세,16/21,2억,82,59,111동,http://land.mk.co.kr/rd/rd.php?UID=2235757994
천안한화꿈에그린스마일시티,아파트,전세,20/22,"2억 3,000",82,59,112동,http://land.mk.co.kr/rd/rd.php?UID=2235654235
천안한화꿈에그린스마일시티,아파트,월세,9/22,"2,000",110,84,102동,http://land.mk.co.kr/rd/rd.php?UID=2235573331
천안한화꿈에그린스마일시티,아파트,매매,3/22,"2억 8,500",98,74,107동,http://land.mk.co.kr/rd/rd.php?UID=2235273727
천안한화꿈에그린스마일시티,아파트,매매,6/22,"2억 6,000",82,59,112동,http://land.mk.co.kr/rd/rd.php?UID=2235504808
천안한화꿈에그린스마일시티,아파트,매매,12/24,"3억 2,000",110,84,110동,http://land.mk.co.kr/rd/rd.php?UID=2235649966
천안한화꿈에그린스마일시티,아파트,매매,16/24,3억,110,84,104동,http://land.mk.co.kr/rd/rd.php?UID=2235636062
천안한화꿈에그린스마일시티,아파트,매매,15/22,"2억 5,000",82,59,112동,http://land.mk.co.kr/rd/rd.php?UID=2235480209
천안한화꿈에그린스마일시티,아파트,매매,8/24,"2억 9,000",110,84,106동,http://land.mk.co.kr/rd/rd.php?UID=2235294122
천안한화꿈에그린스마일시티,아파트,매매,20/22,"2억 6,500",98,74,105동,http://land.mk.co.kr/rd/rd.php?UID=2235184311
천안한화꿈에그린스마일시티,아파트,전세,8/21,"2억 4,000",110,84,101동,http://land.mk.co.kr/rd/rd.php?UID=2235172196
천안한화꿈에그린스마일시티,아파트,매매,8/21,"2억 9,000",110,84,101동,http://land.mk.co.kr/rd/rd.php?UID=2235170130
천안한화꿈에그린스마일시티,아파트,매매,22/22,3억,110,84,102동,http://land.mk.co.kr/rd/rd.php?UID=2235169558
천안한화꿈에그린스마일시티,아파트,매매,14/21,"3억 2,000",110,84,101동,http://land.mk.co.kr/rd/rd.php?UID=2234998220
천안한화꿈에그린스마일시티,아파트,매매,14/22,"2억 4,000",82,59,112동,http://land.mk.co.kr/rd/rd.php?UID=2235058345
천안한화꿈에그린스마일시티,아파트,매매,13/24,"2억 9,000",110,84,104동,http://land.mk.co.kr/rd/rd.php?UID=2235071629
천안한화꿈에그린스마일시티,아파트,매매,9/22,"2억 9,000",110,84,102동,http://land.mk.co.kr/rd/rd.php?UID=2235208080
천안한화꿈에그린스마일시티,아파트,매매,2/22,"2억 6,000",98,74,109동,http://land.mk.co.kr/rd/rd.php?UID=2234985344
천안한화꿈에그린스마일시티,아파트,전세,22/22,"2억 2,000",110,84,102동,http://land.mk.co.kr/rd/rd.php?UID=2234683361
천안한화꿈에그린스마일시티,아파트,전세,22/22,"2억 6,000",110,84,102동,http://land.mk.co.kr/rd/rd.php?UID=2234624211
천안한화꿈에그린스마일시티,아파트,매매,6/24,"2억 9,000",110,84,110동,http://land.mk.co.kr/rd/rd.php?UID=2235189834
천안한화꿈에그린스마일시티,아파트,매매,14/22,"2억 7,000",98,74,105동,http://land.mk.co.kr/rd/rd.php?UID=2235231219
천안한화꿈에그린스마일시티,아파트,매매,1/24,"3억 5,000",110,84,106동,http://land.mk.co.kr/rd/rd.php?UID=2235193339
천안한화꿈에그린스마일시티,아파트,매매,고/24,"2억 9,000",110,84,108동,http://land.mk.co.kr/rd/rd.php?UID=2235468476
천안한화꿈에그린스마일시티,아파트,전세,7/24,"2억 3,000",110,84,104동,http://land.mk.co.kr/rd/rd.php?UID=2234859997
천안한화꿈에그린스마일시티,아파트,전세,4/22,"2억 2,000",98,74,107동,http://land.mk.co.kr/rd/rd.php?UID=2234845052
천안한화꿈에그린스마일시티,아파트,월세,16/24,"2,000",110,84,104동,http://land.mk.co.kr/rd/rd.php?UID=2235070302
천안한화꿈에그린스마일시티,아파트,단기임대,중/24,"2,000",110,84,104동,http://land.mk.co.kr/rd/rd.php?UID=2235810685
천안한화꿈에그린스마일시티,아파트,월세,중/22,"2,000",110,84,102동,http://land.mk.co.kr/rd/rd.php?UID=2235441652
천안한화꿈에그린스마일시티,아파트,매매,저/21,"2억 2,000",82,59,111동,http://land.mk.co.kr/rd/rd.php?UID=2235568366
천안한화꿈에그린스마일시티,아파트,매매,14/24,"3억 2,000",110,84,104동,http://land.mk.co.kr/rd/rd.php?UID=2234431201
천안한화꿈에그린스마일시티,아파트,매매,12/22,"2억 6,800",98,74,109동,http://land.mk.co.kr/rd/rd.php?UID=2234432699
천안한화꿈에그린스마일시티,아파트,매매,20/22,"2억 4,500",82,59,112동,http://land.mk.co.kr/rd/rd.php?UID=2234681172
천안한화꿈에그린스마일시티,아파트,매매,11/22,"3억 7,000",110,84,102동,http://land.mk.co.kr/rd/rd.php?UID=2234692598
천안한화꿈에그린스마일시티,아파트,매매,중/22,"2억 8,000",98,74,109동,http://land.mk.co.kr/rd/rd.php?UID=2235482656
천안한화꿈에그린스마일시티,아파트,매매,12/22,"2억 7,500",98,74,109동,http://land.mk.co.kr/rd/rd.php?UID=2234236029
천안한화꿈에그린스마일시티,아파트,월세,21/22,"2,000",110,84,103동,http://land.mk.co.kr/rd/rd.php?UID=2233998813
천안한화꿈에그린스마일시티,아파트,전세,9/24,"2억 8,000",110,84,106동,http://land.mk.co.kr/rd/rd.php?UID=2233789636
천안한화꿈에그린스마일시티,아파트,전세,중/24,"2억 2,000",110,84,106동,http://land.mk.co.kr/rd/rd.php?UID=2235013893
천안한화꿈에그린스마일시티,아파트,월세,중/24,"2,000",110,84,106동,http://land.mk.co.kr/rd/rd.php?UID=2235013273
천안한화꿈에그린스마일시티,아파트,매매,22/22,"2억 6,400",98,74,105동,http://land.mk.co.kr/rd/rd.php?UID=2233995671
천안한화꿈에그린스마일시티,아파트,매매,18/22,"2억 8,500",98,74,107동,http://rter2.com/naver/rd?UID=2235311411
천안한화꿈에그린스마일시티,아파트,전세,9/24,"2억 3,000",110,84,106동,http://land.mk.co.kr/rd/rd.php?UID=2234072038
천안한화꿈에그린스마일시티,아파트,매매,7/22,"2억 9,000",98,74,109동,http://www.neonet.co.kr/rd/rd.php?UID=2233925032
천안한화꿈에그린스마일시티,아파트,매매,16/24,"2억 9,000",110,84,108동,http://land.mk.co.kr/rd/rd.php?UID=2234587764
천안한화꿈에그린스마일시티,아파트,매매,9/22,"2억 3,000",82,59,112동,http://land.mk.co.kr/rd/rd.php?UID=2233861141
천안한화꿈에그린스마일시티,아파트,전세,3/21,"2억 1,000",110,84,101동,http://land.mk.co.kr/rd/rd.php?UID=2235172387
천안한화꿈에그린스마일시티,아파트,매매,19/22,3억,110,84,103동,http://land.mk.co.kr/rd/rd.php?UID=2235178163
천안한화꿈에그린스마일시티,아파트,전세,17/24,"2억 4,000",110,84,110동,http://land.mk.co.kr/rd/rd.php?UID=2233346621
천안한화꿈에그린스마일시티,아파트,전세,7/24,"2억 5,000",110,84,110동,http://land.mk.co.kr/rd/rd.php?UID=2235087090
천안한화꿈에그린스마일시티,아파트,매매,7/24,"3억 5,000",110,84,108동,http://land.mk.co.kr/rd/rd.php?UID=2233198261
천안한화꿈에그린스마일시티,아파트,매매,20/22,"3억 4,000",110,84,102동,http://www.neonet.co.kr/rd/rd.php?UID=2233263277
천안한화꿈에그린스마일시티,아파트,매매,5/24,"2억 9,000",110,84,108동,http://www.neonet.co.kr/rd/rd.php?UID=2234801767
천안한화꿈에그린스마일시티,아파트,매매,22/24,3억,110,84,106동,http://land.mk.co.kr/rd/rd.php?UID=2232687815
천안한화꿈에그린스마일시티,아파트,매매,21/22,"2억 5,700",98,74,105동,http://www.serve.co.kr/naver/rd.asp?UID=2233009746
천안한화꿈에그린스마일시티,아파트,전세,12/22,"2억 2,000",98,74,109동,http://land.mk.co.kr/rd/rd.php?UID=2233116568
천안한화꿈에그린스마일시티,아파트,매매,18/21,"2억 4,000",82,59,111동,http://www.serve.co.kr/naver/rd.asp?UID=2234461381
천안한화꿈에그린스마일시티,아파트,전세,9/24,"2억 8,000",110,84,108동,http://land.mk.co.kr/rd/rd.php?UID=2234235333
천안한화꿈에그린스마일시티,아파트,매매,11/22,3억,110,84,102동,http://land.mk.co.kr/rd/rd.php?UID=2232756438
천안한화꿈에그린스마일시티,아파트,매매,11/22,"2억 6,000",82,59,112동,http://land.mk.co.kr/rd/rd.php?UID=2233027152
천안한화꿈에그린스마일시티,아파트,매매,7/22,"2억 7,500",98,74,107동,http://land.mk.co.kr/rd/rd.php?UID=2232533572
천안한화꿈에그린스마일시티,아파트,전세,11/22,2억,82,59,112동,http://land.mk.co.kr/rd/rd.php?UID=2233026196
천안한화꿈에그린스마일시티,아파트,전세,9/22,"2억 4,000",98,74,109동,http://land.mk.co.kr/rd/rd.php?UID=2232613448
천안한화꿈에그린스마일시티,아파트,전세,저/24,"2억 2,000",110,84,110동,http://land.mk.co.kr/rd/rd.php?UID=2234954505
천안한화꿈에그린스마일시티,아파트,매매,18/22,"2억 3,000",82,59,112동,http://land.mk.co.kr/rd/rd.php?UID=2233686244
천안한화꿈에그린스마일시티,아파트,매매,10/22,"2억 5,000",82,59,112동,http://land.mk.co.kr/rd/rd.php?UID=2232164901
천안한화꿈에그린스마일시티,아파트,매매,9/21,"3억 2,000",110,84,101동,http://land.mk.co.kr/rd/rd.php?UID=2232061956
천안한화꿈에그린스마일시티,아파트,매매,4/21,"3억 2,000",110,84,101동,http://land.mk.co.kr/rd/rd.php?UID=2232066004
천안한화꿈에그린스마일시티,아파트,매매,16/24,"3억 2,000",110,84,106동,http://land.mk.co.kr/rd/rd.php?UID=2231607848
천안한화꿈에그린스마일시티,아파트,매매,10/22,"3억 3,000",98,74,105동,http://land.mk.co.kr/rd/rd.php?UID=2232026276
천안한화꿈에그린스마일시티,아파트,전세,16/24,"2억 4,000",110,84,106동,http://land.mk.co.kr/rd/rd.php?UID=2231607598
천안한화꿈에그린스마일시티,아파트,매매,7/21,"2억 3,500",82,59,111동,http://land.mk.co.kr/rd/rd.php?UID=2231356714
천안한화꿈에그린스마일시티,아파트,매매,4/22,"2억 8,000",98,74,107동,http://land.mk.co.kr/rd/rd.php?UID=2233126774
천안한화꿈에그린스마일시티,아파트,전세,8/22,"2억 3,000",110,84,102동,http://land.mk.co.kr/rd/rd.php?UID=2232772863
천안한화꿈에그린스마일시티,아파트,전세,18/21,2억,82,59,111동,http://www.serve.co.kr/naver/rd.asp?UID=2232610386
천안한화꿈에그린스마일시티,아파트,전세,12/21,"2억 7,000",110,84,101동,http://www.serve.co.kr/naver/rd.asp?UID=2231944088
천안한화꿈에그린스마일시티,아파트,매매,10/22,"3억 4,000",110,84,102동,http://www.serve.co.kr/naver/rd.asp?UID=2231303177
천안한화꿈에그린스마일시티,아파트,매매,11/22,"3억 3,000",98,74,105동,http://land.mk.co.kr/rd/rd.php?UID=2231302719
천안한화꿈에그린스마일시티,아파트,매매,고/22,"2억 9,500",110,84,103동,http://land.mk.co.kr/rd/rd.php?UID=2231728364
천안한화꿈에그린스마일시티,아파트,매매,중/24,4억,110,84,108동,http://www.karhanbang.com/naver_link.asp?UID=2233007350
